,open,high,low,close,tick_volume,real_volume,RSI,ATR,ROC,upper_gap,lower_gap,BB_UPPER,BB_MIDDLE,BB_LOWER,Bandwith,buy
158,-1.6282760317791154,-1.667908171853778,-1.7298233955109037,-1.7838224133208829,-0.8130968730069593,-0.5368079107785244,-0.19364017100571182,-0.8128934465214182,-0.5279534550474254,-0.8128934465214183,-0.8128934465214189,-1.901068975929223,-1.7726040982416422,-1.5199442739490887,-0.2706326097068131,0
150,-0.30127005376844684,-0.3572220450369172,-0.34912116860271525,-0.3593593907934494,-0.3838662799517439,0.03034750173802146,0.30041666871842915,0.1554399919646939,0.4972332041838928,0.15543999196469382,0.15543999196469277,-0.5981422577042079,-0.5280931496448582,-0.42040051554101654,-0.23413631175140046,0
102,-0.25987200402708893,-0.31919000930858027,-0.34454930692421143,-0.4046523326862134,-0.30760469846957733,-0.3604041241904955,-1.2504756324938517,-0.4753861977020993,-0.5015650445429036,-0.47538619770209956,-0.4753861977021,-0.30854570389183755,-0.09780782731081013,0.1239064548081669,-0.8119686297902995,1
163,0.057134979608793074,-0.0001750230499945599,-0.07138057163360126,-0.12270376940375616,-0.11614435341918336,0.1511989620285938,-0.04465027739892585,1.2205305875615384,-0.2069034173788039,1.2205305875615382,1.2205305875615373,-0.3597434653312476,-0.10558723931911251,0.16095819530993152,-0.9701444574318552,0
112,0.046360144744604016,0.012880750408986955,0.10520758569861341,0.0494094097887473,-0.6882214132990008,-0.5942074719622954,-0.8937875688610446,-0.8822233779944585,0.09516099947414304,-0.8822233779944592,-0.8822233779944592,0.33332269738341735,0.3128632381802477,0.27052830855950544,-0.04533123338011794,1
246,0.9627882047724841,0.9642492859417108,0.9127126546643707,1.0084874543680296,0.2515700998905986,0.17530542492869738,0.22263193261202122,0.1409645117670289,-0.036871005035205816,0.14096451176702912,0.14096451176702848,0.6757504727482404,0.9762579589385976,1.215882864454884,-1.1248331880973141,0
39,0.36960519067027975,0.31770467855998513,0.3509451509181997,0.29738826665163176,-0.8951183926675372,-0.5645069073332396,-0.3701024329053932,-0.9096506036321422,-0.3906008731743378,-0.9096506036321423,-0.9096506036321429,0.21111489234006967,0.4624658154727929,0.6871829290224192,-0.9686543396119578,1
170,0.7960618126634516,0.7723861803271156,0.7744138388896266,0.7678687005627199,-0.33410041409026964,-0.2940732442552041,-1.3384204750639637,0.5500872941958569,-1.2098361241908369,0.5500872941958568,0.5500872941958557,1.6883554769667726,1.3995242629192914,1.0088427049357764,0.5632440849715574,0
85,0.47224967016597685,0.5027560762829368,0.542963341415365,0.5181913583788567,-0.3357131967802248,-0.34153451026928333,1.9815991503463406,-0.754991525730743,1.0033214580486625,-0.7549915257307432,-0.7549915257307435,0.20445402820970127,-0.17552395830104453,-0.5511557556971659,1.376457106846062,1
243,0.5816993085232666,0.5606555933618979,0.6269712997578747,0.5900939036336205,-0.9153933750555452,-0.6436026661967039,0.40930230050898064,-0.9340303597545342,0.4718151260704743,-0.9340303597545344,-0.934030359754535,0.23609980068247627,0.46367464641142536,0.6640513264174691,-0.890123515402235,0
282,1.0841468711375624,1.0107959565346,1.0761567096708862,0.9994288659894762,-0.31912457482640005,-0.28321942937135647,-1.7463966481890223,-0.021313239922619055,-1.1904981123510905,-0.021313239922618975,-0.02131323992261976,1.8062370790979885,1.7103302950606258,1.4951595630191172,-0.03365082517188782,0
17,0.24994781402059987,0.20133800207776076,0.27836684677195,0.21755945656563508,-0.8932752124504456,-1.2208962519379631,0.4735503507962918,-0.26739640328297665,-0.5131100646153606,-0.26739640328297665,-0.26739640328297776,0.6149830430209983,-0.03389576574884342,-0.693588421398061,2.282686991653681,1
111,-1.008439478802337,-1.0764248699294952,-1.0486160054138178,-1.0489444311107838,-0.004862347812275669,-0.15130932928690166,-0.8725617060972299,-1.7614183331580868,-0.16756187156965538,-1.761418333158087,-1.7614183331580875,-1.047823350848119,-0.9477524580828534,-0.7806431519441904,-0.2888570035729705,1
131,-0.39200550525635625,-0.4117157081700569,-0.3554074784106581,-0.3576609054724707,-0.8234647617280998,-0.5630188305449862,-0.22898304529866673,-0.3824383774854979,-0.2672878167300864,-0.38243837748549714,-0.38243837748549897,-0.525576902038398,-0.3171716481264501,-0.08278972246490975,-0.7929818141459498,1
42,-2.138662946398603,-2.0391462519482895,-2.12643239612112,-2.0793588591711694,0.9572777255095598,1.2217387421648298,-0.8471987413983685,1.2540527522298242,-0.4176331702867194,1.2540527522298235,1.2540527522298228,-1.7144771855803855,-1.7775954001818086,-1.7200555963140145,0.7424230191800586,1
108,0.3100600506313397,0.2586698768324172,0.3612318396948332,0.31720392872971576,-1.1603059464015968,-0.663394468550073,-0.25090213074843576,-1.5938075098166644,-0.02525873312512254,-1.5938075098166646,-1.5938075098166649,0.15851349426779154,0.44550318778550985,0.7077442809250121,-1.086513586520707,1
292,0.17622525968667405,0.23426125688736565,0.182357751523367,0.11904730794887246,-0.4511423578755887,-1.2208739229742125,0.7270587031362599,-0.784704353504903,0.6052324557837221,-0.7847043535049032,-0.7847043535049036,-0.16826033438592958,-0.12769714713219193,-0.07755308327678827,-0.18678042138536854,0
5,-0.9789504570687668,-1.0383928342011584,-0.962893598941869,-1.0206363424278062,-0.46680938972086766,-1.2208748866039638,-0.5683184041410567,-1.8627466945417623,0.21895247133915466,-1.8627466945417628,-1.8627466945417626,-1.1432806550056769,-0.9910364045952282,-0.7677281880544209,-0.5092926301399996,1
89,-1.82279015590632,-1.79676297947068,-1.7915435281707068,-1.7085228974241626,0.0845318927166688,0.17754230348107816,1.0263424362187101,-0.6071892542387642,1.16610625959011,-0.607189254238765,-0.6071892542387648,-2.1169763522442184,-2.140264179045176,-2.017209815504588,0.702029619267069,1
38,-1.1445426560342007,-1.0525838923087467,-1.065189003998394,-0.9923282537448285,1.821498849798402,1.0358415591651848,-1.4319620964836457,-0.917269277420389,-0.9982322158528435,-0.9172692774203894,-0.9172692774203897,-0.6838538385729801,-0.6199058091614223,-0.5121398039231457,-0.19419612411432519,1
174,0.12575366479652467,0.13832970408006848,0.21436078327289465,0.20453773577146517,-0.10439407953522416,-0.14968597279062532,-0.9236710039527971,1.0544434989777678,-1.0903585023987903,1.0544434989777676,1.0544434989777667,1.1611351348046541,0.7284671137918566,0.2370681297895137,1.1917803483260092,0
67,-0.591056401957956,-0.5706555589750464,-0.5565693922648318,-0.5144877167761664,0.960964085943743,0.8409025472300008,-0.7171523755694703,1.5862269293973634,-1.6322791474525224,1.5862269293973632,1.586226929397362,0.4072482641453045,-0.0836138124184632,-0.5786796364554203,1.7385985211560118,1
256,-0.6625105700046845,-0.7307306944286427,-0.8205944041984335,-0.8564494280665365,1.034921692154545,0.9499656194425664,-1.7239520716196675,-1.2486815872091073,-0.8146722002782864,-1.2486815872091077,-1.248681587209108,-0.7001527221275542,-0.5380757535251901,-0.33580704521298615,-0.5976625963207096,0
107,-0.4696977355928777,-0.4838062833566056,-0.4725614339223213,-0.5229801433810601,-0.5762482151106837,-0.4667072998245913,-1.242271118713364,-1.553428538738963,-0.49448406271464507,-1.5534285387389632,-1.5534285387389635,-0.4555342441966663,-0.30399149144070053,-0.12852756677265842,-0.5781335227948127,1
34,0.047494337888202655,-0.005283803968725756,0.052059693686004785,-0.008339091124526812,-0.9946501243904857,-0.7812316683041323,-0.9149269834020636,-0.8037510379755222,-0.5622462995382307,-0.8037510379755223,-0.8037510379755229,-0.0656996674877936,0.14935910509341271,0.3585270924394811,-0.8375032078704021,1
181,-0.04834498274590103,-0.024583642995046114,-0.023947506719123036,-0.03891182690214219,-0.1389537086056924,0.10252017864230728,0.7172957321447047,0.27505317044016786,0.8988566788431295,0.2750531704401678,0.2750531704401667,-0.40967652943890787,-0.35694608546214507,-0.27866281437163065,-0.19494251771053406,0
290,0.003827901859646706,-0.06034510942616852,0.004626628771526558,-0.03721334158116347,-0.47625568833346227,-0.4254708057275717,0.5555983916168389,-0.6003324478293428,0.7466535794136646,-0.600332447829343,-0.6003324478293435,-0.45151997044825337,-0.2231947912842676,0.025063968307900662,-0.871921735427255,0
244,2.3572786748272847,2.3277261489188,2.202549130712293,2.1979933408267485,0.11632675146149958,0.22029831260835644,0.4853390568459795,1.9709699557038018,-0.5262404393449543,1.9709699557038016,1.9709699557038005,2.1174265454796566,2.2188971693078208,2.170214789042648,-0.6047452018647091,0
197,-0.5513596419319965,-0.5922259672985805,-0.5354245320017509,-0.5869564238045892,0.1428224670821919,-0.1093688091037622,-1.2682072934985145,-1.3355344683951158,-0.6241992180328865,-1.3355344683951162,-1.3355344683951162,-0.5377259695316533,-0.3592857582465981,-0.1525867659050966,-0.6760860498952194,0
279,-0.054015948463895014,-0.08361844472261404,-0.015375266071927832,-0.05476435656460972,0.1937403205793484,-0.058435999033092,0.48636240634062516,-0.7405160455330775,0.5296826882137017,-0.7405160455330778,-0.7405160455330779,-0.44840577600064596,-0.22196646307243073,0.02428398540768209,-0.8649269300085569,0
253,0.42631484785022283,0.4017157425569076,0.3555170125967036,0.31720392872971576,-0.5903024642660074,-0.5236924478182918,-0.6889759115607436,-0.530240648977478,0.005507675807712046,-0.5302406489774781,-0.5302406489774788,0.23290660392351636,0.45630467714039913,0.6529255613708563,-0.8761082072075723,0
19,-2.2396061361789017,-2.1288337391882477,-2.1641502549687774,-2.1359750365371246,1.0828443777989276,1.1602579255643641,-0.7747292817701259,0.8883564103939982,-1.0841809010968733,0.8883564103939978,0.8883564103939974,-1.6676723629644188,-1.8120665792060777,-1.8350839239157488,1.1924295279028918,1
14,-0.7254582894744214,-0.723351344212697,-0.6748663131961208,-0.6384771452076083,-0.6504362188486221,-0.548019931086433,0.514151996619817,-0.42738855283614874,-0.1211553036534214,-0.4273885528361488,-0.4273885528361497,-0.701805986806405,-0.8206497340674618,-0.8856065576271294,0.6113862180507195,1
91,2.0680594232095753,2.0847752341168873,2.032247283188022,1.9902119698936935,-0.4608190540153198,-0.26879975570490183,0.4971684826504265,1.1877702902720793,0.09690746439104997,1.1877702902720793,1.1877702902720781,1.5331127562471545,1.8641832779115906,2.074081882417855,-1.197900995172892,1
296,1.9467007568444963,1.9752202655263047,1.8745180552796359,2.041166529523052,-0.33502200419881545,-0.26337999331797923,0.09562263510061168,1.5488954278349572,0.35425460326863883,1.548895427834957,1.5488954278349556,2.1126656722359187,2.215875091961234,2.1691740186480497,-0.6090136148903446,0
168,-0.23321846515251576,-0.28456382752606474,-0.30225958639805034,-0.2817952278020905,0.39810292714938383,0.5811274008657797,0.47515552850088566,0.7382685367655427,1.0881864156732033,0.7382685367655419,0.7382685367655412,-0.2899879642317279,-0.420936136116927,-0.5256612704592502,0.5279044141754358,0
44,-0.9330156347530129,-0.9969549445270002,-1.1651984782156677,-1.2176606396613305,0.4886491553140106,0.3440192269874172,-1.1055191339299573,2.240671007807725,-2.2072093861515203,2.2406710078077245,2.2406710078077237,-0.2186776881101818,-0.4806952784864878,-0.7150445758551126,1.0608015987558232,1
280,0.5692231839436792,0.5907406365499853,0.6138271974321756,0.5708444033291955,-0.2502357142126001,-0.02484280843937349,0.599643016260585,0.42590291144744397,1.7055246869518195,0.4259029114474436,0.42590291144744324,0.1711640922505849,0.19786832082439837,0.21154028404596978,-0.1881384857538166,0
238,1.095488802573551,1.0221488030206711,0.8829955537540953,1.0011273513104548,1.575434290816668,1.2903846199205153,0.1965285386983689,0.18972402401180524,-0.18174180346471516,0.18972402401180533,0.18972402401180447,0.6708502052855082,0.9846417864162211,1.2372446750330905,-1.1651101808305353,0
120,0.42234517184762643,0.5180824190391328,0.5172466194737801,0.5176251966051977,-0.3188941772992636,-0.17796800583343972,1.3466836308294086,-0.3397738042713173,0.27408492565670517,-0.33977380427131787,-0.33977380427131815,0.400268229770568,0.003636485168418975,-0.40127599218585797,1.357281823673654,1
259,2.014752345460429,1.952514572554163,1.9768134603361618,1.9285003365648021,-0.7200162720438316,-0.5611268199806642,-0.18463807450685657,0.9820660979894263,-0.0014536905337734832,0.982066097989426,0.9820660979894251,2.0967356591146906,2.1933362441376745,2.141438592368675,-0.5907818993363412,0
41,0.7756463360786721,0.8552619596754321,0.8538499355536324,0.8397712458174829,0.18844117745520994,0.11400275836626195,2.0631841043721693,0.33600256074613616,0.832715066600249,0.33600256074613627,0.3360025607461354,0.4570514395290244,0.23458168626710008,-0.008484178950319186,0.6623050521655297,1
79,0.5210199753407279,0.6242315336838932,0.6098268184634851,0.6461439192259159,-0.7762332686651265,-0.6226876611971436,0.27314214317747754,-0.6780429204694558,0.46722439043244457,-0.6780429204694552,-0.6780429204694562,0.368791460158989,0.5454852047744532,0.6883386227886097,-0.7264823376048851,1
283,-1.8420714393475006,-1.8455802193607844,-1.7961153898492106,-1.7792931191316066,-1.1236727395869004,-0.7317250112117047,-0.1747228685278726,-0.82965452885556,-0.5400699862480536,-0.82965452885556,-0.8296545288555608,-1.9307071205557658,-1.7611981934174359,-1.467445630707646,-0.4888681674909033,0
138,-1.086698805710659,-0.9447318506910757,-1.0057548021778435,-0.9391090470208308,1.9348544331495374,1.7120448011102936,-0.7117900608371022,1.960303812400258,-1.7818606907466548,1.9603038124002579,1.9603038124002568,-0.26750446576052284,-0.4415447538933135,-0.5888208941153359,0.7020551027002581,1
187,0.773377949791474,0.6997279628162631,0.6795477090606701,0.6410484632629797,-0.7571102739128007,-0.5160824879049963,-0.34147164302376065,-0.860129224008542,-0.3981434124861831,-0.8601292240085415,-0.8601292240085419,0.4489963746168156,0.7119139288418539,0.9313207194745757,-1.008683222041409,0
261,-0.8836782330064629,-0.932811361880701,-1.0566167633511998,-1.073855549151804,1.3113987247182908,0.9006675979561745,-1.6305568435382183,-0.6795666552271021,-1.0144826588704587,-0.6795666552271027,-0.6795666552271028,-0.6831030678190623,-0.6461101443472927,-0.5640475366241952,-0.08025485338700193,0
117,-0.33813133093541015,-0.3929835114680404,-0.3108318270452447,-0.35313161128319437,-1.0319745237865914,-0.8072996869705698,-0.9295723657626911,-0.43576909400321845,-0.5320738550828811,-0.43576909400321817,-0.4357690940032194,-0.31071580659466963,-0.1238561843110493,0.07528315474201802,-0.7233346027875143,1
99,0.2448439448744048,0.27456386191291626,0.31151284394110346,0.3523059586966083,-0.3603657321838255,-0.2082925719326018,1.409238902214805,-0.7778475470954829,0.9744185918803984,-0.7778475470954832,-0.7778475470954834,-0.2501321393071497,0.002954080606286735,0.2609623335102958,-0.9679247916140725,1
8,-0.37045583552797734,-0.4168244890887881,-0.3279763083396351,-0.3429406993573221,-1.011008348817174,-0.7571071045980255,-0.5968578722407581,-0.8083222422484673,-0.723712018480425,-0.808322242248467,-0.8083222422484672,-0.4820807818587018,-0.22504703223862677,0.052628666014161066,-0.979038928052195,1
227,-0.9063620958784396,-0.8862646912878116,-0.8708848826619774,-0.8926837815807478,0.47505570121295976,0.31262194996407255,1.6671422221860395,0.5592297027417552,3.565793675975529,0.5592297027417552,0.559229702741754,-1.3575250785412436,-1.7571037660446434,-2.0442429739490637,2.5002794309080705,0
182,1.6421698977882024,1.6834521108342888,1.6802139339432183,1.6114497433154524,0.5013210193065156,0.4085143041243961,-0.7071319445452205,-0.1264509382004195,-0.298149033045535,-0.12645093820041958,-0.12645093820042053,1.7206812535206042,1.9263990767048285,2.0041389912730168,-0.8639138497441843,0
132,-1.5812070163197627,-1.5424592181826973,-1.5349477914646734,-1.4713011142608103,1.5892581424448555,1.805327781184173,1.048713978774805,0.23467419936245937,1.5467187966366667,0.23467419936245976,0.2346741993624587,-1.6864264976971575,-1.888320414706031,-1.9647710409569277,1.5525588992268007,1
31,-0.4657280595902821,-0.5104854725988716,-0.43770098862372886,-0.47768720148829524,-0.41427875353375593,-0.3769225386793074,1.972468197416133,-0.4327216244879196,0.8880463391793656,-0.4327216244879207,-0.4327216244879215,-0.736123312981103,-1.2374039487980941,-1.6639538107536263,2.5386099903617185,1
171,-0.43397065156951387,-0.4469095322768755,-0.4634177105653136,-0.414843244612085,-0.2649811559493332,-0.021687552150836377,-0.32754928872024885,0.6925564940360666,-0.1720577861962998,0.692556494036066,0.6925564940360655,-0.4235690751407265,-0.3287530284094904,-0.20946590836472176,-0.359858809090886,0
55,0.8125076132456354,0.9057821265384467,0.7761282870190656,0.8205217455130578,0.5646803392690407,0.18747583528076914,0.23158841910689895,-0.02817004633204246,-0.05714951674129199,-0.028170046332042144,-0.028170046332042925,0.6863655339242376,0.776566886785562,0.8153252548400176,-0.4668921424566046,1
28,-2.125619725247216,-2.1572158554034244,-2.214440733432321,-2.1116300802697636,1.4653042728454426,1.668569523112893,-0.6029188213587281,0.7771237730855997,-1.9828552297353743,0.7771237730855999,0.7771237730855991,-1.6676347793108315,-1.8354243125041965,-1.8807084503186455,1.3321824187601008,1
236,0.2448439448744048,0.2251789796985085,0.2303622991476585,0.1813251030514237,-0.4552895133640449,-0.4478110110313746,-0.17746757540279035,-0.8593673566297205,0.1683100554422157,-0.8593673566297207,-0.8593673566297212,0.05757872306148452,0.2013973272742811,0.33431300601351327,-0.593313106029842,0
169,2.462191540610179,2.4316046942663476,2.43514259360618,2.4759787716935886,-0.23272550215022952,-0.25888051401521334,1.4229748862657738,2.5233238053516653,0.2525979158329533,2.523323805351665,2.5233238053516645,2.3944671547283836,1.862038577859176,1.1911004526201365,1.114338554886356,0
48,-0.3846332498229631,-0.020042504400617937,-0.3274048256298218,-0.03494869448652571,3.5932558334777394,-1.2205038598074063,0.25629823107477173,0.055635365338671944,-0.4764008836012327,0.05563536533867218,0.055635365338671576,0.36262134844636956,0.12974484825041752,-0.11674709075165125,0.7305318188360699,1
239,2.3720231856940694,2.3464583456208175,2.342562394616477,2.310659533785,-0.49468749050437866,-0.3909458999616946,1.1316281936679193,0.5005659145722567,1.1305076960581826,0.5005659145722575,0.5005659145722564,1.7250534072315928,1.9326382041300358,2.0118549165337747,-0.8690234046089977,0
159,0.9321649898953153,0.9273525348619807,0.9618601677082879,0.9580990565123294,-0.6126510243982436,-0.548125677900451,0.08415988347854673,0.0883956626281308,-0.04340895371801287,0.08839566262813041,0.08839566262813019,0.6822160887720763,0.9537191111150375,1.165298326264562,-1.0365199898192698,0
211,-0.29333070176325476,-0.3180547246599735,-0.2371105574793692,-0.2563179479874105,-1.1702130400684643,-1.2209049740495042,-0.40595195638979514,-0.49214728003624114,-0.5282864702914428,-0.49214728003624136,-0.4921472800362418,-0.3524135965972071,-0.14132574110162732,0.08373076497628056,-0.8113121373883357,0
33,-0.9449246627608013,-0.9992255138242147,-0.9748947358479415,-0.964020165061851,1.0998937948070253,0.7739571925646048,-2.013364361854499,-1.2083026161314017,-0.9060730066174099,-1.2083026161314019,-1.208302616131402,-0.6969231097641578,-0.5632272359580568,-0.3881890100375796,-0.48216936642525277,1
93,0.39342324668585593,0.36141313753135706,0.4686705891396762,0.45025194553971104,-1.207998234518843,-0.8987211420481322,0.4898241904387412,-1.708849484019185,0.07307332498370175,-1.7088494840191855,-1.7088494840191852,0.1272455044850136,0.4307047574238467,0.7107640117943983,-1.14131027865681,1
146,-2.206147438442735,-2.252012123562115,-2.2264418703383937,-2.201083640507973,0.029006088676783195,0.12700580579447543,-1.100819937527784,0.15696372672234685,-1.5582630231118049,0.1569637267223463,0.15696372672234588,-1.8448771251140537,-1.8496378246697465,-1.727617012805503,0.46333214153458663,1
35,-0.7050428128896419,-0.6592077615663978,-0.8063073364531087,-0.723967573030201,1.3342080799048,1.8479494632774285,-1.2301558827745083,1.4003312889641504,-1.3701415370837582,1.4003312889641497,1.4003312889641488,-0.24521414312741524,-0.15509081598349117,-0.0525039845918935,-0.36497616621766443,1
204,0.5312277136331173,0.6327461685484466,0.5823956483924613,0.5895277418599606,1.1736210034906909,0.8261189520954842,-0.2664118508774739,-0.5150033014009835,-0.2642275332471411,-0.5150033014009837,-0.5150033014009842,0.4600404650994684,0.6975444384906738,0.8920087466235298,-0.9277837764703079,0
63,-0.04550949988690404,-0.03480120483251012,0.030914833422923827,0.04261546850483322,-0.6071214837469686,-0.5693483966020637,0.8947207768990141,-1.007169628121701,0.46206947499856527,-1.007169628121701,-1.0071696281217013,-0.2715330119674169,-0.2521287447186661,-0.21503652168192955,-0.0869393365116171,1
223,-0.48160676360066623,-0.546246939029994,-0.47484736476157363,-0.504862966623954,-0.3716552110135118,-0.3725002259705546,-0.9372105318690938,-1.362199826653979,-0.35507867296119644,-1.3621998266539792,-1.3621998266539794,-0.5226799836931235,-0.34091932688864507,-0.1320925195119579,-0.6900933773573116,0
225,-0.46799644587747935,-0.4974296991398901,-0.3822671657718687,-0.43465890669016977,-0.8234647617280998,-1.220895493609459,-0.9313146445657982,-0.7885136903990237,-0.9109700720164915,-0.7885136903990237,-0.7885136903990247,-0.3431462283642949,-0.15904876244385782,0.03968656312798537,-0.7109911828986154,0
66,0.5646864113692839,0.5606555933618979,0.617827576400867,0.5753736975184718,-0.7156387190282388,-0.4995031022801741,0.043815049968199425,-0.45938698274678463,0.20754515382286842,-0.45938698274678474,-0.4593869827467856,0.6154641042432052,0.6358550660739377,0.6130417519299605,-0.22933768105483182,1
154,-1.240949073240104,-1.1990356119790584,-1.16748440905492,-1.1134868733079728,0.31746379265162467,0.34644378231782996,1.4529951444320104,0.6986514330666638,1.327906733346622,0.6986514330666633,0.6986514330666629,-1.7855705156329431,-1.7818458057402313,-1.655818032717171,0.39097289000419755,0
188,1.0563591391193905,1.021013518372064,0.9698609256456698,0.8935566143151404,0.2554868578519183,0.012518207824986409,0.5025187068787427,-0.23387423861469347,0.11138827925950628,-0.23387423861469417,-0.2338742386146947,0.6861306350373084,0.7658628837966905,0.7946744144946045,-0.43297223007384117,0
247,-2.0144687971745276,-1.9608116111944016,-1.9669887200832954,-1.9514062983241105,0.23244710513827282,0.11324728788413334,-0.6776595446261462,0.12191782729641354,-0.05251212908110156,0.12191782729641329,0.12191782729641266,-1.808175392206702,-1.789157283191645,-1.647024900616022,0.31276538255931563,0
258,-0.19068622226755846,-0.154006092936252,-0.1496737028779814,-0.14818104921843617,-0.5670323140252255,-0.2296038893162296,-0.10725629398857062,1.2129119137732922,0.03598880840467663,1.2129119137732916,1.2129119137732909,-0.3606462264048357,-0.10804389574278958,0.1570846961559244,-0.9644314036668826,0
47,-0.4209274304181267,-0.4003628616839861,-0.5279952567741822,-0.582427129615313,0.8109752957779109,1.2765794209841652,-0.7435911758634417,0.7550296190996874,-0.9281354339794018,0.7550296190996869,0.7550296190996866,0.41269533251318036,-0.09576061362441259,-0.6079433375464375,1.8089673270175293,1
219,-0.6415279968481054,-0.6540989806476658,-0.5685705291709043,-0.6231907773188006,-0.5232567838692991,-0.4785471322986068,-0.794173542592067,-1.4551476468705835,-0.1993245982499809,-1.4551476468705835,-1.4551476468705842,-0.7000267993977018,-0.5176036166612296,-0.2959810178710726,-0.6799254848705377,0
206,-1.1972826372115482,-1.1331891023598486,-1.2732087103703231,-1.2516303460809033,1.1551892013197744,1.2795241363186667,-1.4569039804826145,1.765265763421152,-2.5310431123089545,1.7652657634211517,1.7652657634211506,-0.2813448583651228,-0.42362675981904707,-0.539730550970976,0.5727007013508877,0
40,-0.6086363956837384,-0.6665871117823435,-0.59257280298305,-0.588654909125568,0.08775745809657919,-0.179074060347628,-1.2747852059045082,-1.2860130887715142,-0.6637739238972061,-1.2860130887715142,-1.2860130887715147,-0.5608076081548958,-0.37862705326474055,-0.16678524308178272,-0.6890528419971539,1
21,-0.4175248509873308,-0.43101554719637647,-0.3622652709284143,-0.39785839140229856,-0.7257762102222429,-0.589129719541431,-1.2568643495089775,-1.7073257492615412,-0.3970936949038909,-1.7073257492615415,-1.7073257492615417,-0.40647319282967215,-0.1988816915991644,0.026555776273526475,-0.7957187310373067,1
101,-0.5298099722036175,-0.5996053175145261,-0.5342815665821251,-0.5778978354260366,0.9886117892001176,1.1115153130200668,-0.9032929119221862,1.7187918533128503,-1.927399185407153,1.7187918533128501,1.7187918533128486,0.4065986828351748,-0.06875689023718845,-0.5490213506404286,1.6747603205180621,1
69,-0.3449364897970036,-0.3038636665523851,-0.25768393503263687,-0.27669977183915434,-0.885902491582079,-1.220825094811543,-0.559500455708244,-0.36339169301487784,-0.7367741524782133,-0.3633916930148781,-0.36339169301487845,-0.3089172435831825,-0.16066703611977062,0.0016061772236169805,-0.5786642891715281,1
53,-0.2961661846222526,-0.3447339139022395,-0.2742569336172132,-0.32425736082655693,-0.8695442671553907,-1.2209123183086388,-0.6965445140506771,-0.46014885012560613,-0.5910588321753951,-0.46014885012560625,-0.4601488501256071,-0.3276398562815092,-0.15323857502913282,0.035205674473977336,-0.6756452548415938,1
137,-0.1135610885028351,-0.003580876995815088,-0.0702376062139755,0.03129223303164201,0.8441525396855605,0.6262555682534618,0.5081582943121677,0.5858950610006193,0.590922150087939,0.5858950610006193,0.5858950610006181,-0.36967028526071327,-0.22235640853650665,-0.05680683612705869,-0.5696572932703787,1
24,-0.7101466820358369,-0.7454893948605349,-0.7748757874133944,-0.7777529415278587,1.0422944130229117,1.2775987821643389,-0.8767475795639377,1.6502237892186307,-1.4566090463424086,1.6502237892186304,1.6502237892186293,-0.13060045956838492,-0.2237017203875659,-0.30334310058066216,0.3278000912984227,1
232,1.1238436311635227,1.1930091426360352,1.1938821478923627,1.2451430757577222,-0.07835915896880477,-0.1181858069752631,2.248034326251937,-0.4258648180784996,0.6577836377736409,-0.42586481807849985,-0.42586481807850013,0.5985305553237846,0.6596417393825399,0.6767415071263357,-0.3627635225182529,0
134,0.24938071744880017,0.1916880825646006,0.2897965009682092,0.2566246189481441,-0.9681544087697934,-1.220893497090557,0.6656294814768058,1.904668446982717e-05,-0.10200186000487786,1.904668446966928e-05,1.904668446887982e-05,0.6266666744757471,-0.12350523339337972,-0.8803951850141323,2.709115566108008,1
202,0.18529880483546474,0.17295588586258406,0.12978134222057164,0.06696042477219355,-0.5174968456908877,-0.32731966151286357,0.4343758501635591,0.8723571954386822,0.46332878322369137,0.8723571954386822,0.8723571954386812,-0.32355453848834154,-0.13524259186205043,0.06615954219472876,-0.727971074409687,0
116,0.2113852471382382,0.16046775472790556,0.21378930056308137,0.19378066207193378,0.1840636244396173,0.011580776608826832,-0.10924506052302864,-0.8136553139002387,-0.013794211522417084,-0.8136553139002394,-0.8136553139002396,0.31228790767427195,0.33163911227548026,0.32863300992540484,-0.18304979009247338,1
298,-0.5632686699397841,-0.5167295381662105,-0.566284598331652,-0.5003336724346776,1.8650439824271918,1.9087091056597714,-0.8518602627483831,1.333286959627583,-1.202188514178766,1.3332869596275825,1.3332869596275816,-0.33129060267281063,-0.12104857696970599,0.10175403831634264,-0.8091194542308656,0
142,-0.40107905040514696,-0.39241586914373655,-0.33140520459851236,-0.3310513021104718,-1.0308225361509091,-0.7970632048388272,-0.5555334628847876,-0.775561944959008,-0.6274499507953039,-0.7755619449590077,-0.7755619449590088,-0.4621085231697069,-0.21157441645482009,0.05854586079166266,-0.9550201949133713,1
230,1.6659879538037787,1.6476906444031656,1.6933580362689173,1.6188098463730272,-0.22189681837481615,-0.08392288655943059,-0.6711999784690755,-0.14016455101926348,-0.36198920123000233,-0.14016455101926353,-0.1401645510192645,1.7254097720045636,1.9188341347017657,1.9845505873639468,-0.831054363614114,0
157,-0.7220557100436246,-0.7840890729131748,-0.7165845510124694,-0.6911301901579471,-0.5062073668612014,-0.40169492070552437,-1.337140630679695,-1.4505764425976355,-0.41153542155964556,-1.4505764425976355,-1.4505764425976362,-0.6571210171589739,-0.4781996275164061,-0.26285268794330535,-0.6691041611307191,0
274,-0.3608151938073877,-0.34019277530781133,-0.3856960620307468,-0.4182402152540424,0.4554719114063611,0.553072104235004,-0.08442414989751683,1.9519232712331875,-1.1326491938421672,1.9519232712331873,1.9519232712331858,-0.13013977250965136,-0.23972847896106758,-0.33509178155483077,0.3937138116863651,0
56,-0.5570306076499905,-0.5996053175145261,-0.5531404960059537,-0.5977134975041206,3.036154612861792,3.886545117982455,-1.5420775697126081,1.6022261443526815,-1.7329906229396146,1.6022261443526813,1.6022261443526802,0.2996220148486756,0.13974694940395307,-0.03295147438322497,0.4724064976132042,1
61,-1.138304593744407,-1.185412196195774,-1.13319544646614,-1.1027297996084413,-0.3843270750060168,-0.3330499956238391,0.8463146959131935,0.3116228046237485,0.9553667047252484,0.31162280462374853,0.31162280462374764,-1.1867661404633105,-1.699411334634682,-2.105863975755002,3.031667324892414,1
172,-0.07556561819227393,-0.13413861158562862,-0.1411014622307862,-0.20140025594243396,-0.4582846812168188,-0.5241173404223641,-0.6191525121301595,-0.5911900392834449,-0.037074613867700404,-0.591190039283445,-0.5911900392834457,-0.2301770037062795,-0.04407334236121293,0.14882193807677171,-0.7253955302867013,0
173,-0.19975976741634915,-0.18182056682712489,-0.1776763556588177,-0.17762146144873267,-0.23318629720450243,0.06889936050258408,-0.20043719056909615,1.0125407931424155,-0.3114561370869305,1.012540793142415,1.0125407931424146,-0.3624822585895127,-0.1164862150400231,0.14248143093926588,-0.9401261968977747,0
84,-0.270646838891278,-0.1664942240709297,-0.20053566405133771,-0.13515932842426626,0.9317035999974133,1.2581223149050234,0.5057760635684587,0.007637720472717582,1.313148857172707,0.0076377204727178976,0.007637720472717106,0.23231745108609503,-0.23697936343933584,-0.6995229804954419,1.7389245439481948,1
177,0.2300994340076193,0.20417621369927827,0.30865543039203786,0.2634185602320582,-0.9626248681185184,-1.2209116957361799,0.5802446489285339,-0.889842051782702,-0.49187079827608143,-0.8898420517827023,-0.8898420517827029,0.5029808479592773,0.16019958899471087,-0.20051161509836568,1.103459692890212,0
114,-0.1254701165106236,-0.08986251028995289,-0.033662712785943995,-0.02192697369235578,-0.5255607591406636,-1.220850052869732,0.3953457091588413,-0.28796682251124023,0.7737952579693611,-0.28796682251124023,-0.28796682251124134,0.021751548570964497,-0.04795329972876274,-0.11578017328260415,0.19895791856947803,1
271,0.726876030903921,0.6543165768719805,0.4989591727597648,0.457612048597285,0.841387769359923,0.757961796101882,-0.9495220727607973,0.5935137347888609,-0.6654681578383426,0.5935137347888619,0.5935137347888609,0.7407232908367314,0.9259354967996616,1.0513824643224783,-0.7718239305870135,0
250,-0.14475139995180444,-0.19601162493471325,-0.20567900843965484,-0.2676411834606017,-0.0986341413568128,0.0017339381431506226,0.5049378853960097,0.4662818825251496,0.48541503034000816,0.46628188252514924,0.4662818825251489,-0.6989185513246078,-0.5027466944799557,-0.26811615522974735,-0.735197938838246,0
118,1.668256340090976,1.753272116723623,1.7350762740852659,1.838480614552933,0.002971168110363796,-0.06233529371575577,0.11004826663493973,1.4369009231477343,-0.20243339306248412,1.4369009231477337,1.4369009231477328,1.6152170610457042,1.8880674375862123,2.0369286539060276,-1.0420764228575505,1
201,-0.45778870758509005,-0.3600602566584347,-0.37598085596392583,-0.3446391846783008,-0.17743009563748036,-0.03593002845326085,0.3434861882609157,0.13258397059995583,0.3547350342786952,0.13258397059995544,0.1325839705999546,-0.5802113043000754,-0.5218345249464473,-0.4264798863722564,-0.18899546375227733,0
145,-1.0475691422564983,-1.120700971225171,-1.0417582128960616,-1.0580030194893364,-0.842818154007562,-0.5960232686066045,0.9107601084896554,-0.027408178953214794,0.6301118694055673,-0.02740817895321511,-0.027408178953215498,-1.0756698235864297,-1.6006966404039826,-2.0265530574934205,2.991251817193814,1
294,-0.24172491372950675,-0.26185813455392387,-0.32969075646907336,-0.38087353819251213,-0.283643355647386,-0.09522826891935508,0.1837745784404665,0.5165651295275756,0.11814949276217454,0.5165651295275755,0.5165651295275744,-0.6967365380477444,-0.5014598744485055,-0.26783092577227113,-0.7317529991246577,0
260,-1.31467162757403,-1.2030091082491836,-1.2726372276605098,-1.3235328913356672,-0.16107187121079206,-0.08097054983292802,-0.6682857266074577,0.12344156205405939,-0.23842517071058758,0.12344156205405947,0.12344156205405864,-1.0662024812520698,-1.0716576292928264,-1.003711721549411,0.20136102295273087,0
54,1.716459548693928,1.8968856247724173,1.6304949381894884,1.9335957925277376,-0.480172446294782,-0.4510348598479234,-0.1282784742772974,1.8848789418966163,-0.3909906853821629,1.884878941896616,1.884878941896615,2.2735437651199253,2.1269870234252375,1.831559717584129,0.041787338594922896,1
267,0.5232883616279251,0.5424910389841844,0.5601078227097546,0.5725428886501742,-0.5663411214438161,-1.2208898536841106,2.0615132412359087,0.5310406097252425,2.3334278612411428,0.5310406097252426,0.5310406097252416,0.51048465362379,-0.3412117859867014,-1.1867481941821123,3.2547748979790105,0
179,0.15977945910449018,0.0855389679198394,0.14978323706402685,0.09526851345517116,-0.717712296772467,-0.50065393247237,-1.1143045363297532,0.6308452363512711,-0.8278630220991015,0.6308452363512705,0.63084523635127,0.8790828615364279,0.5806387883608563,0.23632205904594858,0.8112304130686249,0
194,0.09059367734495968,0.06680677121782287,0.1646417875191641,0.1026286165127459,-0.6285484537706589,-1.2208839798772952,-0.08430068841352463,-1.2303967701173144,-0.35069486429701746,-1.2303967701173144,-1.230396770117315,0.3106776375499004,0.25234370215573776,0.17551878988609637,0.09492957786274105,0
192,1.0557920425475908,0.9886579058867623,1.0252947484975299,1.0345308959563686,0.04075636256074239,-0.16097897038854772,0.9364753546583163,-0.1714011135510708,0.7081804368029161,-0.17140111355107085,-0.1714011135510718,0.6667444385503154,0.8563302314621947,0.991013994008682,-0.7823234750413641,0
98,0.4665787044479821,0.4193126546103173,0.5132462405050896,0.48761862260124134,-1.2547689325275433,-0.8782453197626466,0.6743122125309053,-1.7621802005369107,0.20663969754255035,-1.762180200536911,-1.7621802005369114,0.11071557950078921,0.42530401274640117,0.7170882689802167,-1.178395501510086,1
212,0.67810572572917,0.6781575544927291,0.5646796843882584,0.6127403745800021,0.3826662928312414,0.5402614969548232,0.725290989452023,0.5973230716829869,1.322699292517762,0.5973230716829868,0.5973230716829857,0.1595935177791571,0.19439780619412558,0.21657190878876145,-0.21563454486933561,0
130,-0.38406615325116417,-0.31294594374124146,-0.2942588284606684,-0.24556087428787912,-0.7041188426714161,-0.6319152615627144,-0.9587995518867696,-0.8494630807049988,-0.763708798094594,-0.849463080704999,-0.849463080704999,-0.12260010064937175,0.011591372635557809,0.14770492838475693,-0.5431664587199528,1
97,1.8950949688107483,1.8350126114233318,1.8179412670081498,1.7909230255655306,0.43289295374698855,0.1071863758951016,-0.48068493362879106,2.1797216175017513,-0.7333841642848896,2.1797216175017513,2.1797216175017495,2.3497097754702923,2.0805250213806485,1.663173754516497,0.3674082754991,1
270,0.23633749629741302,0.1871469439701724,0.2075029907551385,0.1813251030514237,-0.7974298411616804,-0.7041212820570059,-0.7005495464900405,-0.8014654358390467,-0.840703956972195,-0.8014654358390471,-0.8014654358390475,0.26541738277124455,0.40715205139368926,0.5238276294153952,-0.6022892177633716,0
82,0.47224967016597685,0.4090950927728541,0.36808963221258933,0.3047483697092057,0.7347137142957444,-1.2207778884810914,0.9873866188756729,0.7565533538573337,1.78119448930096,0.7565533538573339,0.7565533538573331,0.5435995162926686,-0.29556866941666976,-1.1314540816441576,3.169740937397173,1
186,-0.7107137786076358,-0.7437864678876241,-0.8160225425199297,-0.8371999277621115,-0.00970069588214122,0.11844221920701767,-0.10772705478292664,-0.49290914741506836,0.42997295778546507,-0.4929091474150684,-0.49290914741506925,-0.7483221668820128,-0.8696853761749485,-0.9338490246721723,0.6396384266897214,0
60,-0.4135551749847344,-0.17841471288130437,-0.33254817001813897,-0.16573206420188244,2.0290870217483477,1.6356174821212837,1.5172994981031356,0.10896608185639581,0.4898195072652968,0.10896608185639557,0.10896608185639495,-0.7196462982476671,-0.678319639679924,-0.5896260990728636,-0.09148360119700993,1
94,0.046360144744604016,-0.02798949694086745,0.04291597032899711,-0.012868385313803136,-0.5347766602261218,-0.42141622518288147,0.6840449608126834,-1.017073904046421,0.20620190737502933,-1.017073904046421,-1.0170739040464214,-0.3189593414275012,-0.30995765704105427,-0.27951181896608013,-0.03675612793317843,1
140,-0.03813724445351089,-0.07226559823654319,-0.05195015949995934,0.0035503061223242367,-0.47994204876764557,-0.3403570052050829,0.7436860751301797,-1.0688808858064955,0.6024490319215997,-1.0688808858064958,-1.068880885806497,-0.3007700439909199,-0.29237111661125137,-0.26374660838387926,-0.037892764889652285,1
224,1.3438771010217014,1.2707761410656189,1.1304475671031207,1.077559190754495,1.6337248651821912,1.6471800864612518,-1.9844724755411245,0.2544827512118977,-0.9872379774254707,0.2544827512118971,0.2544827512118966,1.802534233411542,1.856130904078433,1.7834895292909703,-0.4544442990561138,0
148,0.27036329060537934,0.2711580079670949,0.3560884953065169,0.30588069325652456,-0.4352449285031733,-0.3733414371126978,1.8083073502264648,-0.22320809531114688,2.197483764978673,-0.2232080953111473,-0.2232080953111474,-0.06259723020811113,-0.3204666872978881,-0.561574910718799,0.979915298325544,1
152,0.5113793336201374,0.47777981401358144,0.5669656152275108,0.522154490794474,-0.7266978003307887,-0.5364182671124581,-0.7019877461388384,-0.7130888198953881,-0.38480184109229293,-0.7130888198953883,-0.7130888198953889,0.4518010955027785,0.7056748014166457,0.9162825971112302,-0.9799235556009008,0
269,-0.054015948463895014,0.023665954570753978,0.032057798842550396,0.07205588073512971,0.039373977397923664,-0.14133864320120437,1.001176936763419,-0.5012896885821404,0.532841155247272,-0.5012896885821405,-0.5012896885821414,-0.4616764385231537,-0.2280106177655988,0.026027271394927155,-0.891707635658677,0
286,-1.31467162757403,-1.319375784731408,-1.3452155318067605,-1.254461154949201,-0.47902045865909976,-0.35092882858488256,-0.41987827193926536,0.11201355137168942,0.0582697773594976,0.11201355137168949,0.11201355137168867,-1.078498812989649,-1.0869044969381754,-1.0209229942740101,0.21882966601111206,0
81,-0.4696977355928777,-0.4571270941143395,-0.49427777689521557,-0.5450604525537827,-0.4191171016036215,-0.13248449104369714,-0.1422428346330317,-0.1302602750945422,-0.5125458844641029,-0.13026027509454252,-0.13026027509454227,-0.7806962597385451,-0.5502810465507527,-0.27745309655818606,-0.8683778084591475,1
124,0.265826518030984,0.3165693939113775,0.3052265341331606,0.2549261336271653,0.2789874056198367,0.22451675308107455,-1.845694117274019,0.7207455870525755,-1.3551662716037225,0.7207455870525746,0.7207455870525749,1.5738694084504692,1.115000555056641,0.5703555254576321,1.1391132515318547,1
233,-0.7532460214925931,-0.6989427242676446,-0.7022974832671446,-0.678674631137437,-0.4006852994327051,-0.09796720666982132,0.31421312607206836,-0.30929910911833153,1.8017106757193069,-0.30929910911833164,-0.30929910911833236,-0.702771732402192,-0.8511239720849579,-0.9440963838346103,0.7471856392170015,0
234,-0.9284788621786174,-0.9203232307460233,-0.8571692976264651,-0.9108009583378531,-0.5285559269934376,-0.33042061538339146,0.18807189980445585,-0.13711708150396323,-0.4127780956878216,-0.1371170815039637,-0.13711708150396426,-1.0690721792660065,-1.0391166803157301,-0.9372752870292228,0.03603567485006424,0
13,-0.6738525014406733,-0.6875898777815745,-0.9446061522278528,-1.0070484598599772,2.0569651225318584,2.500928418446584,-1.634798309462644,1.4140449017829932,-1.7126012969286544,1.414044901782993,1.4140449017829924,-0.16626750313353636,-0.18548706490817124,-0.19237211208432892,0.044131050294959846,1
96,-1.0963394474312496,-0.9452994930153787,-1.0171844563741026,-0.8994777228646619,2.7200492056305756,2.212481595373482,1.6577749102210946,0.4845666996169392,3.7542784188377905,0.4845666996169404,0.48456669961693966,-1.434250435742313,-1.7833081012305132,-2.017105786473769,2.2579149675001076,1
240,2.412287042291829,2.537186166586804,2.4711460043244,2.6243131563923914,-1.0686077306012878,-0.7860560094409534,1.6663343352566446,2.2086725778970897,0.8960465298827596,2.2086725778970893,2.208672577897089,2.4103831984367736,1.9283488040252066,1.304276657035267,0.9613062975778706,0
45,2.087907803222555,2.0399314904969086,2.075679969133809,2.0434311766176916,-0.7248546201136971,-0.6097122413149347,0.10100806611030591,1.8307863580000725,-0.22300734537890396,1.830786358000072,1.8307863580000712,2.113874322849114,2.2195600765967476,2.1751327043823303,-0.6155493780203559,1
207,1.089817836855557,1.0312310802095275,1.1133030858087312,1.116058191363344,-0.9729927568396589,-0.7911842535838265,1.494458060716565,-0.3748197036972511,0.4701044616435983,-0.37481970369725126,-0.3748197036972519,0.6966114950668079,0.7443573914529314,0.7420100797019814,-0.32991031054717385,0
103,1.6523776360805917,1.7668955325069082,1.6985013806572344,1.833385158589997,-0.5956016073901459,-0.3636994235570565,-0.054485328637635624,1.487184170150162,0.0008039207763168794,1.4871841701501616,1.4871841701501607,1.7200286056248284,1.950653684570321,2.0521414237924174,-0.9304303361410591,1
36,-0.1946558982701541,-0.26639927314835204,-0.24511131541675113,-0.2874568455386857,-0.5115065099853399,-0.47149543934940635,0.620273317376891,-1.32943952936452,0.19766023759059057,-1.32943952936452,-1.32943952936452,-0.5565047664767636,-0.42840359175397114,-0.2683217242667199,-0.475539882974403,1
268,0.1750910665430746,0.1462766966203172,0.20235964636682138,0.22661804494418772,-0.39538615630856666,-0.2886944468502885,-0.8565964000268026,0.940163392154072,-0.8757068139634233,0.9401633921540719,0.9401633921540706,1.0813776678246403,0.6820636035668792,0.22787705019690585,1.1022605918968835,0
20,0.03161563387781853,0.022530669922147136,0.09377793150235342,0.02846142416334441,0.231525515029727,0.07840990504620304,1.8624317720919747,0.24838781218130285,0.9655615800597342,0.24838781218130374,0.24838781218130207,-0.5957172561174632,-0.5731318507455718,-0.510774519959808,-0.03701869143101141,1
273,2.2030284072978397,2.135295400979903,2.0865381406202554,1.9970059111776084,0.5893328746726414,0.4058430062279414,0.13893110357260338,0.5241838033158229,0.5448078141586903,0.5241838033158221,0.5241838033158214,1.7311884134640312,1.9387408506428163,2.017505930438232,-0.8690874163882808,0
210,2.3119109490833294,2.2879911862175533,2.3694220819776874,2.357650960998742,-0.48570198694605693,-0.5071845127434816,0.8473109439928836,2.041823621934495,0.2834663551531952,2.0418236219344954,2.041823621934493,2.3696435642828915,2.0339460356968364,1.5519303319224675,0.5502162451080549,0
75,0.3440858449393052,0.3046489051010036,0.437239040099961,0.3817463709269048,-1.2566121127446348,-0.9267107041728969,0.12790964584189693,-1.6212347354543515,0.15031512877832537,-1.6212347354543515,-1.621234735454352,0.1372335508194418,0.4354230975391591,0.7097822812489994,-1.1237477475930004,1
200,1.1918952197794546,1.1209185674494857,1.1430201867190064,1.0939778821906214,-0.22535278128186295,-0.2854810774477415,1.4379075991730768,-0.373295968939601,0.37579858710941794,-0.37329596893960115,-0.3732959689396018,0.6760597880307775,0.7162228262198884,0.7080690340870199,-0.30261559212271816,0
218,-1.9481184982739943,-2.024387551516398,-2.040709989649171,-1.9887729753856407,0.517679243733204,1.3131944935063982,-0.6900009158060827,1.1260590325872852,-0.23631285495718846,1.1260590325872846,1.126059032587284,-1.7237231542731932,-1.7708103491068956,-1.6973803458079697,0.6546465362297452,0
277,0.16545042482248418,0.14230320035019284,0.22236154121027657,0.15414933791576496,-0.9780615024366609,-0.758490387246261,-0.20761779018440985,-1.4079118693834567,0.41550952938117935,-1.4079118693834571,-1.4079118693834574,-0.04901032975673059,0.1791509385487774,0.39964312727627616,-0.8840720509710321,0
295,-0.726025386046221,-0.7256219135099115,-0.735443480436298,-0.7981347653796025,-0.11729634105486564,-0.03220221509062627,0.006317562913548002,-0.0784532933344675,1.0197173798381718,-0.07845329333446766,-0.07845329333446843,-0.5463696589878213,-0.8033361554625116,-1.010400180425767,1.1841745416992895,0
149,-1.8551146604988877,-1.818901030118518,-1.8012587342375277,-1.7555143246379052,-1.016998684522722,-0.558346917248191,-0.10645761512392118,-0.9858373415146093,-0.6231002115210079,-0.9858373415146097,-0.98583734151461,-1.8402198980866926,-1.8067828181678556,-1.6487304563635496,0.24247944393497747,1
263,1.0830126779939637,1.0562073424788827,1.0967300872241539,1.142101632951684,-0.42579862989057865,-0.34422962501574217,-1.4615351097142673,0.02668440494333294,-1.0467913121392227,0.02668440494333294,0.02668440494333234,1.8141316381277133,1.7499292569374851,1.5643885675671416,-0.12540591248982438,0
2,0.2749000631797747,0.20077035975345695,0.2217900585004633,0.27474179570524937,0.4771292789571879,0.19413978991190353,-1.3197385415660305,0.2963854570472563,-1.1334351264142073,0.2963854570472553,0.2963854570472548,0.8312097496406976,0.8296774589926385,0.7712015177010579,-0.18620146852862113,1
198,-0.8865137158654599,-0.895346968476668,-1.0126125946955988,-1.0415843280532098,-0.26267718067796864,-0.050774594723787814,-0.20091923286836713,0.004590250957419238,-0.5283435483933596,0.004590250957419238,0.004590250957418644,-1.0720505797231685,-1.0426456867656126,-0.9411239725181343,0.03932442413279502,0
52,2.2075651798722356,2.379949242754724,2.2842711582155513,2.408039358854443,0.9450666565713277,0.9604812350563565,1.0010273177290565,1.8940213504425123,-0.08084693426200586,1.894021350442512,1.894021350442511,2.1316595037240695,2.2263646249448654,2.170267511116234,-0.5879118577955753,1
6,-0.5763118910911713,-0.6274197914053998,-0.5697134945905301,-0.5835594531626318,-0.5172664481637512,-0.48747368768012633,-1.2329730762961555,-1.345438744319836,-0.46198773642172397,-1.3454387443198361,-1.3454387443198368,-0.5803596642899411,-0.39599912368930146,-0.1807415298989661,-0.6962322819147871,1
205,-1.3288490418690158,-1.3812487980804935,-1.430366455568896,-1.4339344371992793,-0.07881995402307768,0.17263889040224348,-0.9103683166080285,0.45333013708512665,-0.7252359617233805,0.45333013708512676,0.4533301370851258,-1.1069600537734843,-1.1339319199056743,-1.0836666437991642,0.3161371895713543,0
128,0.030481440734219892,0.014016035057593797,0.03491521239161519,0.08054830734002333,-0.36428249014514524,-0.40381462035588517,-0.5397392197421226,-0.6231884691940808,-0.5737276634158165,-0.623188469194081,-0.6231884691940816,0.3155824477744331,0.34614508353908713,0.3535823766471542,-0.22297958034747145,1
265,0.18700009455086308,0.22631426434711616,0.28122426032101483,0.28153573698916423,-0.858024390798568,-0.754249082597539,-0.3708676425704472,-0.6452826231799969,-0.7032845213293656,-0.6452826231799971,-0.6452826231799976,0.26736289545563574,0.41885041531595363,0.5446738653633116,-0.6356384004869798,0
77,1.732338252704312,1.80095407196512,1.8379431618516042,1.7637472604298718,0.05089385375474641,-0.08452116583153244,-0.3503779920598023,0.46399628038867563,-0.8206281201210969,0.46399628038867524,0.4639962803886749,2.0137083486183247,2.0585905890264034,1.9631703866201153,-0.4476802466235573,1
113,-1.729219221559414,-1.5101036056973955,-1.6606739876235317,-1.5307481004950632,5.26018194230999,7.244530433754079,0.6647159362432513,0.5729433155605959,1.4683701025360094,0.572943315560596,0.5729433155605951,-1.951285097798303,-1.834137492472748,-1.5888031509829215,-0.19688623176325576,1
65,0.6588244422879892,0.6265021029811076,0.7115507408101978,0.6721873608142549,-0.2359510675301399,0.020386342392325788,-0.7538032610386657,0.43580718737216284,-0.5220225652393855,0.4358071873721626,0.4358071873721619,0.7018526276875554,0.9613815394841201,1.1602185711351944,-1.0000180679385535,1
183,0.4546696764401944,0.41477151601588913,0.4635272447513591,0.44175951893481746,-0.43662731366599206,-0.2724199169055181,0.5260258516097341,-1.047548599199405,0.17793725914677302,-1.0475485991994051,-1.0475485991994056,0.48544962076234,0.41356665427772965,0.3118590974333353,0.1089010458413957,0
151,-1.1995510234987454,-1.2319588667886634,-1.2034878197731382,-1.1735000213158855,0.019098995009915635,-0.01859231432430948,1.2439207852022829,0.6712242074289767,1.090297764929006,0.6712242074289761,0.6712242074289756,-1.7317226796420342,-1.7659555280791563,-1.6797439160613978,0.5847482311301399,0
272,-0.5570306076499905,-0.6030111714603474,-0.7028689659769571,-0.7115120140096909,1.1724690158550086,1.3513900521949003,-0.7056793370941408,1.2266255265921362,-1.13959853935828,1.2266255265921355,1.2266255265921349,-0.42120341351036067,-0.37151054854536353,-0.2953272984291962,-0.18085451075595566,0
160,0.6661966977213823,0.7099455246537272,0.7481256342382292,0.7735303182993151,-0.7840667845877659,-0.5628006681989491,1.5009706913484337,-1.175542318841943,0.8457299415788879,-1.175542318841943,-1.1755423188419436,0.20003435813869686,0.4506114733648973,0.6753522718238413,-0.9659267347368364,0
46,-1.3997361133439445,-1.4624216504558984,-1.497229932617016,-1.5250864827584671,1.1565715864825932,1.1522306944389977,-1.4713318997135802,2.257432090141866,-2.4166381442310545,2.257432090141867,2.2574320901418643,-0.1553260913864572,-0.5143085774897924,-0.8452804447145895,1.4579192457030834,1
190,-1.6821502061000615,-1.695722645744651,-1.7646838408094963,-1.7877855457364997,-0.05048105818529373,0.23278786875048252,-0.4702317648363806,0.04039801776217833,-0.12318392004912045,0.0403980177621777,0.0403980177621769,-1.7212464732822983,-1.7134688686146013,-1.587996524940251,0.3440003371829747,0
74,-0.13567785480301292,-0.06318332104768684,-0.06337981369621934,-0.09439568072077854,0.09812534681771964,0.4365048189231609,0.5603838420353234,-0.6315690103611549,0.9348656879593199,-0.6315690103611546,-0.6315690103611554,-0.509928533332849,-0.4431435302960235,-0.3446083062826012,-0.23511397903208303,1
92,0.9219572516029251,0.8649118791885922,0.870994416848022,0.8012722452086328,-0.4430784444258128,-0.5020334044246048,-0.013894156491047312,-0.21558942152289914,-0.012793158692228442,-0.21558942152289984,-0.21558942152290037,0.6628660739872175,0.8788300847393492,1.0388827884053276,-0.864761960530223,1
199,-0.1526907519569965,-0.1767117859083937,-0.20167862947096346,-0.1334608431032875,4.849613548952828,4.704494819063693,0.9144230470919551,0.2666726292730943,0.44635446786864463,0.2666726292730933,0.2666726292730928,-0.7378820640627377,-0.5324410415693007,-0.28631673206103353,-0.7700496049065836,0
257,-0.2825558668990657,-0.3089724474711171,-0.19196342340414252,-0.24612703606153896,-0.6714023938180396,-0.6000083039492828,-0.7769427307099463,-1.8596992250264688,-0.38142891367777404,-1.8596992250264688,-1.8596992250264692,-0.31017169917865267,-0.12083410696446319,0.08062607506398585,-0.7325912631605215,0
87,0.9780998122110692,0.9347318850779264,0.8898533462718506,0.8358081134018656,-0.19033235715712182,-0.2812588262790227,0.1406478004812371,-0.15387816383810413,0.11239347486189541,-0.15387816383810396,-0.1538781638381049,0.6675091433595418,0.8582019696897575,0.9938867877508881,-0.7858336466472055,1
143,-1.0311233416743146,-1.046339826741408,-0.9908962517227053,-0.9600570326462344,0.37990152250560394,0.05884293375687218,-0.25816373302503814,-1.8543661533746922,0.4019296970647229,-1.854366153374693,-1.8543661533746927,-1.1076163454062569,-0.9759845096819152,-0.7747385838180875,-0.4214180656291957,1
245,-1.6260076454919172,-1.6758551643940276,-1.7321093263501557,-1.7538158393169265,0.17646050604411428,0.09615631632122398,-0.6838873590703964,1.0079695888694655,-1.0972730848823105,1.0079695888694655,1.0079695888694642,-1.306203038807338,-1.4447379520470085,-1.4869746553289933,0.9616749523306898,0
10,-0.35287584180219567,-0.4242038393047346,-0.38055271764242965,-0.35426393483051327,-0.38709184533165425,-0.01364507824146732,0.28943957997151015,0.4365690547509858,0.3204176468421752,0.43656905475098573,0.43656905475098456,-0.321316622763905,-0.43421377916869447,-0.5196115938161459,0.46186633027545987,1
162,-0.40731711269494064,-0.43725961276371533,-0.4491306428199888,-0.3446391846783008,-0.09586937103117533,0.05058134482746583,-0.13370621399021926,0.7146506480219822,0.26721817195227265,0.7146506480219813,0.7146506480219809,-0.4197909236707903,-0.3332374012463589,-0.22207250061753042,-0.3277695914096518,0
32,-0.12093334393622825,-0.0751038098580607,-0.03137678194669167,-0.008905252898185851,-0.5015994163184723,-0.1260177399305963,0.6575713868207981,-0.6757573183329794,0.22257619560385927,-0.6757573183329797,-0.6757573183329799,-0.4487984320155166,-0.336142494953721,-0.19814736122102714,-0.4269027154634917,1
136,0.7779147223658701,0.7445717064362427,0.7035499828728158,0.6421807868102993,-0.3557577816410964,-0.37523440035102,-0.3187150871121477,0.35581111259557635,-0.9047336943227321,0.35581111259557596,0.35581111259557563,0.622941066018809,0.8432865556888711,1.0102476044650934,-0.877326914465866,1
166,-1.5919818511839516,-1.4022515640797237,-1.5120884830721542,-1.3071141998995397,0.12968980803541397,0.3686029795616021,1.089523483112248,0.937877790017598,1.6446074459652706,0.9378777900175979,0.9378777900175966,-1.9293080788256132,-1.824778801334937,-1.592960262187305,-0.13154645035325305,0
83,0.3185664992083307,0.2666168693726667,0.4035215602209951,0.3426812085443958,-1.2185965207671199,-0.914110637846752,-0.11846693286772579,-1.4932410158118121,0.021390297161755892,-1.4932410158118121,-1.4932410158118126,0.1748392932981535,0.457571999898644,0.7146420343600731,-1.0723661111748992,1
57,2.2404567810366016,2.1801391445998815,1.9213796374843015,2.2359261796619396,1.0803100050004266,0.43928662700363447,1.3687087657509938,3.453563874896547,1.3058850014255032,3.4535638748965467,3.4535638748965454,2.163748610371489,1.4153755460339583,0.5547596687636338,1.86937285531556,1
165,0.5714915702308773,0.539085185038363,0.594968268008347,0.5312130791730266,-0.8690834721011178,-0.6801510515389254,0.8381579521674175,-0.5622390788881111,0.5884483925346599,-0.5622390788881113,-0.5622390788881118,0.293949164698639,0.2753309872629853,0.23744918839775073,-0.04509147103062613,0
155,-0.18217977369056668,-0.10632413769475493,-0.1662467014625577,-0.15497499050235106,0.6432458960225718,0.5083726401473948,0.848114882072441,0.39085701202151063,0.5428324394075628,0.39085701202150974,0.39085701202150946,-0.7148324235349969,-0.51099404104515,-0.26797600317005205,-0.764932354546991,0
100,0.8431308281228042,0.9239466809161594,0.8675655205891439,0.8369404369491852,3.3803685184036554,2.6356222319595126,2.0579676275017924,0.24762594480247757,0.9412237746118871,0.2476259448024775,0.24762594480247643,0.45974392020120347,0.17881948490431224,-0.12005962610110052,0.8818481390132236,1
125,-0.5144983647650331,-0.41909505838600264,-0.43198616152559927,-0.4165417299330637,-0.32557570558622084,-1.2208494051466792,-1.0427615707261346,-0.4327216244879196,-1.281271867269102,-0.4327216244879199,-0.43272162448792034,0.3704391086715924,0.2078314274315259,0.027674727387778816,0.46371515695048116,1
23,0.30325489176974624,0.38411883050349876,0.3858055962167922,0.46440598988119985,0.9042862942681752,-1.2207666904650913,2.8961524614924437,-0.032741250604985714,3.352187232302677,-0.03274125060498698,-0.03274125060498736,-0.3866520902260355,-0.7712046492226947,-1.1106422862984022,1.7001577342721792,1
126,-1.263065839540282,-1.1842769115471672,-1.1920581655768783,-1.1474565797275464,0.9197229285863177,0.5989938490648211,-2.392733802813068,-1.0445011296841047,-1.4214231440827219,-1.044501129684105,-1.0445011296841054,-0.6768602659889257,-0.5949687967337978,-0.4706066013798464,-0.27056207710211017,1
231,-1.2664684189710786,-1.2978053764078739,-1.3955060102703034,-1.2380424635130745,0.33082684922553907,0.43873979212754133,-0.355739066526274,0.2422928731507024,-0.20716046216554967,0.24229287315070247,0.2422928731507016,-1.103409060407019,-1.1146881112535514,-1.0497323103720424,0.2397397739882127,0
195,-0.31998424063782793,-0.352680906442489,-0.2593983831620759,-0.291986139727962,-1.2261996391626229,-1.2209141573505289,-0.527891788884948,-0.5150033014009802,-0.5913988542908972,-0.5150033014009802,-0.5150033014009812,-0.36747365898571577,-0.1357105264189407,0.11005472284140563,-0.8874712338592684,0
9,0.012334350436638492,-0.02571892764365296,0.03720114323086671,-0.020228488371377057,-0.5790129854363212,-0.554029398679456,-0.8555345322137036,-1.521430108828325,-0.37924845906754295,-1.521430108828325,-1.5214301088283255,-0.21070572251646894,0.11666217793068592,0.4426562900608505,-1.2301313505500175,1
287,2.2688116096265736,2.3112645215139977,2.3259893960318987,2.362180255188019,-0.2297303342974556,-0.1489943314665076,1.3258347463937095,0.6369401753818669,0.845282532410404,0.6369401753818663,0.6369401753818656,1.6870723784528248,1.907194262599113,2.0009472769090975,-0.9017640460669897,0
104,-0.5802815670937669,-0.519000107463425,-0.5394249109704414,-0.4980690253400391,0.3264492962099464,0.8662779718983205,-0.5097517805829527,0.2621014250001468,-0.15821114094401628,0.2621014250001477,0.26210142500014605,0.40997684376415755,-0.11112446490898478,-0.6351547037234017,1.8633103256605892,1
153,-0.3755597046741724,-0.4338537588178948,-0.3394059625358943,-0.3831381852871507,-0.7015844698729151,-0.4735541678637568,-0.30800917225294444,-0.6407114189070499,-0.8313621048552163,-0.6407114189070499,-0.6407114189070509,-0.5575357376563672,-0.333666341256842,-0.08237567271972698,-0.8511006151031837,0
262,0.13426011337351565,0.10143295300033843,0.0857771735649715,0.04827708624142842,-0.503442596535564,-0.42710559431184997,-0.7145493541587686,-0.7641339342766413,-0.33569194802088165,-0.7641339342766417,-0.7641339342766418,-0.031614014227002135,0.167628050085347,0.3594058830419795,-0.7832196801481434,0
135,0.409869047268039,0.6605606424393194,0.5029595517284554,0.7514500091265925,-0.07997194165875995,-0.1237313223302071,0.6075878138119956,-0.21254195200760173,0.3300611792049267,-0.21254195200760198,-0.2125419520076025,0.2610991618626868,0.5091227902494185,0.7272447498942646,-0.9583905645763058,1
289,0.7767805292222707,0.8229063471901302,0.8407058332279334,0.8912919672205019,-0.23088232193313787,0.013870052231216531,-1.0796060715301834,0.4632344130098489,-1.02414006987738,0.4632344130098482,0.46323441300984747,1.7091851404333667,1.437154000202571,1.0610314434063657,0.5067717376500964,0
226,-0.4872777293186602,-0.4951591298426764,-0.48627701895783365,-0.5020321577556563,-0.5707186744594088,-0.4394027103059433,1.2911670487681035,-0.22701743220527007,1.2991389954528612,-0.22701743220526982,-0.22701743220527035,-0.690945061655197,-0.900140116919241,-1.0518250176971247,1.0266232181831887,0
25,-0.021124347299528123,-0.0393423434269383,0.03320076426217615,0.022233644653089368,-0.7543455035871632,-0.6336014945430014,1.25917589243531,-1.0886894376559368,0.7015547845852801,-1.088689437655937,-1.0886894376559375,-0.4688344018166707,-0.3720174776486618,-0.24772119322046973,-0.3617242187909987,1
196,-1.506917365414037,-1.5174829559133411,-1.4640839354478627,-1.421478878178769,-0.7840667845877659,-0.3079632311775686,1.530814616866922,-1.0025984238487506,1.0395577601372543,-1.0025984238487506,-1.0025984238487513,-1.8474311829474608,-1.9380969531952619,-1.8976527298141117,0.9748797398956841,0
64,-1.4547444808084893,-1.442554169105275,-1.4715132106754312,-1.5081016295486807,1.0648733706822842,1.0311467816923858,0.9405632532189047,0.16229679837411873,1.7545770070189461,0.16229679837411817,0.16229679837411773,-1.6729215064216445,-1.8820422927344163,-1.9662967776985028,1.5873346560411516,1
15,2.337997391386104,2.2908293978390697,2.2082639578104226,2.148171104744708,-0.3857094601688355,-0.27926106890068264,1.465693423037676,2.870735330095698,1.203931089636961,2.8707353300956977,2.8707353300956973,1.8313720075054092,1.2160159275253861,0.504785746850123,1.5654848691662595,1
109,0.11327754021693724,0.09064774883857141,0.1280668940911326,0.06582810122487467,-0.9280652390480503,-0.7388376752969156,-1.4365020220209954,-0.574428956949306,-1.067632734165801,-0.5744289569493056,-0.5744289569493068,0.2688072735538056,0.43320040839392926,0.5712064422576835,-0.6794960765824758,1
26,-0.28936102576065914,-0.2970519586607424,-0.28454362239384745,-0.3191619048636208,-0.12029150890763955,-0.22893797019011625,-0.8265068625815761,-0.4235792159420237,-0.4444848888624096,-0.4235792159420239,-0.42357921594202436,-0.30911326304051895,-0.10999362306316586,0.10070306591741703,-0.7689749227473006,1
76,-1.8534133707834892,-1.8926945322779778,-1.8115454230141617,-1.8449678848761144,-0.955252147250152,-0.6206251219867924,0.5073960569047219,-0.6871853290153508,0.9626986638616136,-0.6871853290153505,-0.687185329015351,-2.257697090962185,-2.166838962421918,-1.9255044083038881,0.04296937630575634,1
43,-0.4300009755669182,-0.39752465006246857,-0.36626564989710486,-0.42050486234868095,-0.6955941341673673,-0.17154221970234587,0.12090355165786808,0.2628632923789674,0.0009270690187037333,0.26286329237896683,0.2628632923789664,-0.353789143062024,-0.44897321498395043,-0.5152868384241662,0.39722286273716834,1
3,0.2731987734643764,0.21609670250965213,0.28808205283877014,0.2560584571744842,-0.5310902997919386,-0.4006136357153403,1.71357618667289,0.029731874458633654,1.651176476458082,0.029731874458632786,0.029731874458632578,-0.1753908093743629,-0.3731288222212763,-0.5492756006063744,0.7697545504657299,1
49,1.860502077930983,1.848068384882314,1.875089537989449,1.8022462610387218,0.10918442812026947,-0.03802781660161795,-0.12408529328356117,1.1931033619238534,0.33685910870707664,1.1931033619238536,1.1931033619238525,1.719260089740406,1.947475629038107,2.046723040685599,-0.9240001153493902,1
291,0.5771625359488712,0.5691702282264505,0.6624032277662805,0.6240636100531932,-1.1476340824090918,-0.8852207987918341,0.5514558899869084,-0.987361076272259,0.49079377496176513,-0.9873610762722602,-0.9873610762722611,0.2440554004079712,0.4675546037789752,0.663506965019613,-0.8767727211789893,0
30,0.5578812525076904,0.629907956926929,0.6218279553695576,0.657467154699107,0.41446115157607216,-1.2207784370307806,3.063192881464093,0.23391233198363692,3.328442003897398,0.2339123319836359,0.2339123319836348,-0.07714453279428087,-0.6657438984634915,-1.2205942227368978,2.4713103024860446,1
121,0.09853302935015175,0.03842465500264616,0.110922412796743,0.06582810122487467,-0.7324577385092,-0.5918848527499001,0.5083212693244294,-0.8426062742955777,-0.02462090602244259,-0.8426062742955778,-0.8426062742955788,-0.3108199020805297,-0.06951728389213586,0.18144001618940173,-0.924068587744291,1
115,-0.16856945596738063,-0.18182056682712489,-0.1348151524228433,-0.09043254830516206,-0.5997487628786021,-0.43148313134259514,-0.7476350123036596,-1.115354795914798,-0.22613487045233432,-1.1153547959147987,-1.1153547959147991,-0.15201937442731886,0.05922321107237286,0.2706807076979353,-0.8205151791753933,1
278,-0.40788420926674035,-0.45996530573585703,-0.45141657365924115,-0.5071276137185926,0.6561481575422133,0.5387419819245646,-0.7326023693483774,-0.6209028670576088,-0.8763193504722221,-0.620902867057609,-0.6209028670576093,-0.559620978008025,-0.3442728578796938,-0.1009484450358968,-0.8181426196545193,0
216,-2.093862317226448,-2.115777965729267,-2.1235749825720553,-2.1506952426522727,-0.08457989220148905,0.5467377748079256,-0.5570449641442669,0.024398802806858,-0.36475507905874105,0.024398802806858157,0.024398802806857755,-1.870909775561967,-1.986060245276541,-1.967306411164862,1.1393609622184722,0
264,1.185090060917861,1.2196883318783012,1.1573072544643312,1.122852132647259,1.5369579037848802,1.1497118243825688,1.0257628131591978,0.023636935428036965,0.4296566308004486,0.02363693542803665,0.02363693542803625,0.5708087338047264,0.8488432785519462,1.0742803423575709,-1.0565367075147665,0
209,1.0041862545138427,1.0028489639943508,1.0412962643722938,1.0701990876969203,-0.4711869427364603,-0.39697061033872016,0.4373627779956434,0.04725482417159984,0.05581441344668195,0.04725482417159969,0.04725482417159888,0.6828062853375748,0.9658854095941913,1.188440567455224,-1.0718310414004542,0
1,-0.8014492300955453,-0.744354110211928,-0.7514449963110619,-0.7381216173716898,-0.33962995474154456,0.01627269605962553,-0.6679491662994136,1.0917750005401734,-0.025028525372863736,1.0917750005401732,1.091775000540172,-0.21525245451692263,-0.3819415897093813,-0.5258062691615214,0.6534221774610591,1
22,0.06110465561138951,0.0003926192743092648,0.05834600349394766,0.06129880703559835,-0.9464970412189666,-0.7406306077652208,-0.24453258810470282,-1.7469428529604156,-0.3056300403356288,-1.746942852960416,-1.746942852960416,-0.21807087668952943,0.09135471731218976,0.4007792069694679,-1.167726240262576,1
7,0.08832529105776162,0.27456386191291626,0.18064330339392795,0.3189024140506945,3.5227541901739845,2.7540319887876694,0.17257233223549087,0.4495208001910068,0.9281432716408571,0.4495208001910066,0.4495208001910059,0.43080642147286446,0.27858703188801615,0.10417541577561,0.40980313136508517,1
141,0.11157625050153888,0.07702433305528607,0.1909299921705622,0.1671710587099349,-1.0589310344615566,-0.8193538710946217,-0.7445052952447154,-0.6711861140600347,-0.596782003705159,-0.6711861140600345,-0.6711861140600355,0.5708533059459767,0.46891941290324046,0.33275545436364795,0.19736057548865377,1
86,0.20684847456384284,0.141167915701586,0.182357751523367,0.1433922642162336,-0.8391317935733786,-0.5947638335783901,-0.23479809239135505,-0.7450872498060217,-0.10621716327115202,-0.7450872498060223,-0.745087249806023,0.2928252888260186,0.3013988415364297,0.289471217785313,-0.14193706892468078,1
241,0.38718518439606225,0.4130685890429785,0.33380066962381016,0.36872465013273487,2.051205184353447,1.578273176029522,-1.9072591849697453,0.6331308384877408,-1.0926224917544243,0.6331308384877413,0.633130838487741,1.648978573118528,1.262926366853661,0.78242529685143,0.8791112007848674,0
215,0.544838031356304,0.5368146157411493,0.5892534409102175,0.5583888443086854,-0.5096633297682482,-1.2208767664203009,2.185731090195879,0.6727479421866245,2.9850218620026276,0.6727479421866239,0.6727479421866234,0.3565002891567429,-0.45092294230432756,-1.2437639111001453,3.1753418855995634,0
68,0.01176725386483877,-0.056371613156044165,-0.0028026464560420763,-0.010037576445505535,-0.21774966288635994,-0.00926373051472149,-1.3092740085462349,0.4106655638709503,-0.6544814190417991,0.41066556387095027,0.4106655638709497,0.7716886830201249,0.5263583797615528,0.23995432948742323,0.6543094301798236,1
50,0.2601555523129892,0.2353965415359725,0.31722767103923305,0.3121084727667796,-0.6714023938180396,-0.6384153562658209,-0.7059328109865477,-0.5218601078104074,-0.11555813051534944,-0.5218601078104077,-0.5218601078104079,0.2335662666554383,0.45556378075865617,0.6508065689393241,-0.871453160347208,1
156,1.1998345717846466,1.2304735360400683,1.1515924273662008,1.103602632342834,0.9727143598277023,0.6370817555913048,1.2618788812305255,0.133345837978784,0.4767977255130611,0.13334583797878405,0.13334583797878383,0.6533121557458852,0.8466985784995307,0.9859206224321438,-0.7937158757904481,0
252,0.21478782656903492,0.14230320035019284,0.19321592300981372,0.12357660213814879,-0.6921381712603205,-1.2208942061658152,-0.0031594655089709337,-0.901270062465072,-0.8195574504027275,-0.9012700624650722,-0.9012700624650726,0.4560207986335787,0.19108326974948564,-0.09232646809424172,0.8223589018724465,0
254,-0.764020856356783,-0.8289328165331543,-1.1749136842824885,-1.2318146840028195,1.803758240208895,2.09891523316215,-1.433729643937007,1.7027926383575325,-2.14391917431313,1.7027926383575323,1.7027926383575311,-0.34261836437482607,-0.39806583464890094,-0.4273302881030632,0.22945313576086557,0
276,-1.271572288117273,-1.2671526908954827,-1.2640649870133156,-1.254461154949201,-0.748124770354479,-0.4489475511135681,-0.41987827193926536,0.12801276632700737,0.03459632347492961,0.12801276632700745,0.12801276632700662,-1.0867817528633668,-1.099811691799074,-1.0376626963464248,0.24322219550246713,0
178,0.08605690477056434,0.05772449402896652,0.13092430764019738,0.08224679266100204,-0.508050547078293,-0.41336994057751175,1.1602600178703866,-0.9797424024840131,0.6671962499655029,-0.9797424024840131,-0.9797424024840137,-0.33911882689268386,-0.32270887371632234,-0.28383007539456717,-0.06244261767176045,0
281,0.5618509285102868,0.6191227527651619,0.6372579885345081,0.6178358305429382,-0.36013533465668907,-1.220865696824756,2.2731756867228303,0.7832187121161968,3.0359438875076186,0.7832187121161964,0.7832187121161965,0.43969605260913885,-0.3939909045493128,-1.2175327205815876,3.22967077536144,0
237,1.0784759054195683,1.1038892977203798,1.1304475671031207,1.1336092063467904,1.043446400658594,0.562600749584626,-1.5007353961196577,0.17067733954118894,-0.8390959778677956,0.1706773395411895,0.17067733954118805,1.832679943716831,1.7861161960036867,1.6160890175446967,-0.17771957837706737,0
71,-0.47083192873647717,-0.5394352311383521,-0.590858354853611,-0.614698350713907,1.3408896081917572,1.7039308766509125,-1.0501663847238347,1.3150021425357918,-1.2343200355794148,1.315002142535792,1.3150021425357907,-0.2916404832796259,-0.13613946642942462,0.03184888068824943,-0.607444192800306,1
129,0.34522003808290386,0.496512010715598,0.4343816265508962,0.5040373140373678,0.05573220182461196,-0.003873501021803922,-0.24881014855121986,0.414474900765074,-0.02523119140825659,0.4144749007650736,0.41447490076507326,0.7703982892103105,0.723807265496154,0.6266224901509222,-0.02886303713783156,1
144,-0.18444815997776395,-0.18295585147573254,-0.15481704726629852,-0.1736583290331162,-0.36566487530796393,-0.08566437463172703,0.3432891434066219,-0.3496780801960372,0.7615250665638222,-0.3496780801960369,-0.349678080196038,0.0350232309888711,-0.3137011334961798,-0.6479680501471288,1.3222474934523314,1
133,0.5573141559358915,0.5623585203348086,0.533248135348544,0.587263094765322,-0.5562036302498121,-0.5453219583179737,0.025103868366876895,-0.7138506872742134,0.39040810496429,-0.7138506872742137,-0.713850687274214,0.3766192106887765,0.5487607466726868,0.6867450903256377,-0.711830073124994,1
203,0.5947425296746537,0.5209206306606503,0.4938158283714477,0.43892871006651984,0.07785036442971162,0.1514504679646366,-0.9697268679298416,-0.6574725012411907,-0.4224472043993786,-0.6574725012411909,-0.6574725012411915,0.4600404650994684,0.6975444384906738,0.8920087466235298,-0.9277837764703079,0
255,0.8295205103996182,0.834259193676201,0.8904248289816639,0.8675131727268006,-0.28318256059311314,0.09416713300888536,0.6775119423923771,-0.9614575853922178,0.031878141157168235,-0.9614575853922176,-0.9614575853922183,0.44948128303521007,0.7138246616158246,0.9345550789348975,-1.0132179040342952,0
72,-0.0534488518920961,-0.09667421818159475,-0.09766877628499934,-0.1640335788809037,-0.48247642156614656,-0.26711733342061544,0.14724920066165423,-0.6666149097870839,0.029515215633586993,-0.6666149097870842,-0.6666149097870839,-0.44633583976249125,-0.3222799337058384,-0.1736049136275693,-0.4719269377460656,1
235,-0.35287584180219567,-0.4128509928186638,-0.454273987208306,-0.48221649567757235,0.48035484433709824,0.42884246193985653,-0.27649948887388476,1.2395772720321547,-0.9267733420256835,1.239577272032155,1.2395772720321538,-0.43278715504376053,-0.3601241409943599,-0.26128668869183685,-0.2707788128128105,0
37,-0.13964753080560935,-0.19374105563749958,-0.09481136273593373,-0.15384266695503138,-1.0863483401907947,-0.7637024667011483,0.7535204134310558,-1.375151572093998,0.8204009696621695,-1.375151572093998,-1.3751515720939984,-0.588647027771636,-0.41649075782646644,-0.21227890968617127,-0.647530815693186,1
