,time,open,high,low,close,tick_volume,spread,real_volume,RSI,ATR,ROC,upper_gap,lower_gap,BB_UPPER,BB_MIDDLE,BB_LOWER,Bandwith,buy
212,1640217600,226.22,229.48,223.17,227.9,2090,0,2884540000,37.27713565165653,10.66,-9.37288742195888,12.792,17.056,295.79781098503383,257.30266666666665,218.80752234829947,0.2992207178966963,1
355,1658361600,219.25,226.04,219.25,225.6,3054,0,3892140000,59.381383727600415,8.080000000000002,7.947748696109855,9.696000000000002,12.928000000000004,242.156092508636,213.719,185.281907491364,0.2661166532562476,1
677,1698710400,126.04,126.99,123.17,126.39,12735,0,17576660000,25.723517738316048,7.788571428571429,-23.288419519300795,9.346285714285717,12.461714285714288,184.76950445334924,155.47533333333334,126.18116221331744,0.3768336814845129,1
10,1615248000,144.0,148.33,142.3,145.72,4182,0,5438770000,41.54980447874383,9.952142857142862,-7.326380055965409,11.942571428571434,15.92342857142858,174.31958038064712,156.93699999999998,139.55441961935284,0.2215230363859019,1
177,1635897600,258.85,275.0,258.85,272.39,2497,0,3603990000,76.1321283910093,9.861428571428572,17.698656181134677,11.833714285714288,15.778285714285715,259.6366108554116,230.961,202.2853891445884,0.2483156104745959,1
187,1637107200,273.42,275.9,270.25,273.4,1653,0,2205780000,65.1823144238674,9.5,11.065973350666225,11.4,15.2,291.5032921192312,248.2333333333333,204.96337454743545,0.3486232747621688,1
82,1624233600,159.57,162.52,159.45,161.41,3565,0,5182070000,45.88712687896927,4.845714285714284,-5.844951292072572,5.814857142857141,7.753142857142855,176.23008366369538,164.28633333333337,152.3425830029713,0.145401630044642,1
20,1616457600,150.99,151.1,145.43,146.49,2413,0,3330930000,42.02896404309893,6.797142857142857,-0.3062474479379261,8.156571428571429,10.875428571428571,166.39614221857684,153.5606666666667,140.72519111475654,0.1671713965630541,1
392,1663027200,285.71,307.12,285.55,297.67,6800,0,9950760000,64.78720044269869,12.266428571428577,5.890932375226781,14.71971428571429,19.62628571428572,310.1468187360663,271.603,233.05918126393377,0.283824690714508,1
564,1684454400,208.38,209.43,203.45,204.14,4936,0,7067720000,55.46825807670934,8.017857142857144,15.138183869148325,9.621428571428572,12.828571428571433,217.3641891715478,192.86266666666663,168.36114416178546,0.2540825855864398,1
584,1687219200,228.5,233.6,225.13,232.28,6700,0,10502250000,66.58854276337007,7.549999999999999,15.041355059184788,9.06,12.079999999999998,234.30900534857312,209.6313333333333,184.9536613180935,0.2354387736111949,1
902,1727136000,92.67,94.84,90.46,90.49,6916,1,1217838,55.33190003732873,4.58142857142857,6.722490859771185,5.497714285714284,7.330285714285712,95.44445100803726,85.35300000000001,75.26154899196275,0.2364638854647699,1
953,1733356800,101.75,103.32,100.8,101.08,3058,1,456721,45.73772985920285,3.8221428571428575,-1.0087160904906485,4.586571428571429,6.1154285714285725,113.91672182761836,103.02766666666666,92.13861150571496,0.2113811855252802,1
470,1672790400,218.6,224.86,215.67,223.51,5495,0,6983850000,36.92225434170596,9.588571428571424,-14.677813406626964,11.506285714285708,15.34171428571428,297.4183326448795,249.713,202.00766735512047,0.3820812904805077,1
465,1672099200,225.0,226.17,213.52,214.2,6836,0,9420530000,26.098414067973835,9.752142857142854,-16.97996201697609,11.702571428571424,15.603428571428566,309.1936817170789,261.9603333333333,214.72698494958772,0.3606145081793216,1
138,1631145600,238.01,247.9,237.73,243.56,3006,0,4859010000,67.3176963833323,7.8971428571428595,14.165182338051936,9.47657142857143,12.635428571428577,253.00461825272,227.505,202.00538174728007,0.2241675413966282,1
519,1678924800,208.82,216.28,208.82,215.2,5357,0,7096100000,31.461215632646315,9.763571428571431,-13.782051282051286,11.71628571428572,15.621714285714294,296.4495047086989,255.33266666666665,214.2158286246344,0.3220648464515487,1
485,1674691200,277.9,285.44,275.76,279.25,5697,0,7884370000,72.67708560960489,9.82642857142858,27.73305278565547,11.791714285714294,15.722285714285729,272.14060777999305,236.86266666666668,201.58472555334032,0.2978767537306543,1
86,1624579200,168.0,169.85,166.1,166.75,3566,0,5610990000,52.72019580564835,4.512857142857139,-2.3597610961470905,5.415428571428566,7.220571428571422,175.98899425852505,165.14466666666667,154.3003390748083,0.1313312480595804,1
728,1705363200,124.9,127.04,123.84,125.92,5875,0,9081280000,37.4091036772044,5.395714285714292,-16.153948595019312,6.47485714285715,8.633142857142868,158.12665320807935,136.32,114.51334679192064,0.3199332923720562,1
263,1646784000,187.85,189.93,182.23,186.95,4394,0,7216420000,42.45962641357927,14.736428571428574,-23.979342875731945,17.683714285714288,23.57828571428572,249.0239741985724,206.54066666666668,164.057359134761,0.4113795914144981,1
220,1641340800,240.0,246.93,235.38,235.71,3454,0,4798160000,45.00046724253664,8.376428571428574,-1.701488802702358,10.051714285714288,13.40228571428572,280.45738450144955,246.49033333333333,212.5232821652171,0.2756055437044825,1
386,1662076800,260.27,265.97,257.77,260.12,3568,0,5487290000,48.255518764740245,10.488571428571436,-8.43746699989439,12.586285714285724,16.781714285714298,303.328009990252,260.771,218.21399000974804,0.3263937323571407,1
897,1726531200,90.27,91.87,89.76,89.83,3942,1,599159,55.40000671487366,4.735714285714286,0.9099078858683468,5.682857142857142,7.577142857142857,94.47095516902014,83.916,73.36104483097985,0.2515600164216632,1
896,1726444800,88.45,90.12,87.06,89.36,2886,1,497626,54.79187878338788,4.642142857142856,0.427062261182283,5.570571428571427,7.42742857142857,94.02174408653262,83.70566666666667,73.38958924680072,0.2464845650401832,1
297,1651017600,188.42,196.38,188.42,192.24,3415,0,4496130000,38.9414754988065,9.274285714285716,-9.132161089052747,11.129142857142858,14.838857142857146,229.8329670880926,209.32566666666668,188.81836624524075,0.1959367978899793,1
445,1669593600,267.77,268.39,263.51,266.22,5490,0,7371040000,41.60604794153178,15.43785714285714,-7.078534031413603,18.525428571428566,24.700571428571426,319.03936098539845,281.2116666666667,243.38397234793493,0.2690336056616789,1
641,1694390400,186.01,189.19,185.65,186.33,3293,0,4926970000,38.13270766124005,5.510714285714291,-0.8988405488777776,6.612857142857148,8.817142857142866,208.40314437718612,192.945,177.48685562281383,0.1602336870837405,1
439,1668643200,283.52,283.52,275.02,277.48,5605,0,7697370000,46.51317566772928,15.683571428571424,-0.907078065852426,18.82028571428571,25.09371428571428,320.82690994098914,277.9943333333333,235.1617567256775,0.3081543144715599,1
860,1721865600,90.78,94.72,90.2,91.0,7936,0,13113820000,37.38120031269889,4.342857142857143,-7.5015247001423,5.211428571428571,6.948571428571428,106.88842658322731,97.04633333333332,87.20424008343933,0.2028328719249704,1
155,1633305600,219.0,220.05,212.61,215.32,2691,0,3749760000,41.13028841696968,8.326428571428567,-6.549194913415218,9.99171428571428,13.322285714285709,247.82974614206952,229.7663333333333,211.70292052459715,0.1572328943642992,1
797,1713916800,114.51,115.73,112.18,115.21,5778,0,9867930000,43.50241933152782,5.610714285714288,-4.926555537217373,6.732857142857145,8.97714285714286,134.40366088506548,122.17033333333332,109.9370057816012,0.2002667459104715,1
471,1672876800,222.51,224.82,217.05,218.62,5575,0,6664520000,34.47451679690117,8.969999999999995,-11.78274554111855,10.763999999999994,14.351999999999991,294.9170208584952,247.57933333333327,200.2416458081715,0.3824041925294935,1
596,1688688000,227.31,240.26,227.31,237.52,7183,0,9578990000,64.1139781507053,7.577857142857147,2.844771595583469,9.093428571428577,12.124571428571436,241.96788113487617,219.198,196.4281188651238,0.2077562855033001,1
793,1713398400,114.93,114.93,110.51,111.82,5478,0,9101940000,38.95545157660519,6.082142857142857,-14.810300167606275,7.298571428571428,9.731428571428571,133.5662642295477,123.336,113.10573577045228,0.1658925898285611,1
922,1729555200,93.71,96.88,93.04,96.44,4547,1,876551,52.378665840426606,4.168571428571428,2.530299808632783,5.002285714285714,6.669714285714285,105.1059119733149,94.265,83.42408802668513,0.2300092711677693,1
210,1640044800,222.76,225.0,219.77,224.16,2192,0,2950320000,34.224671674528224,11.949285714285711,-13.811135035373727,14.339142857142852,19.118857142857134,295.37412093022687,260.20733333333334,225.0405457364398,0.2702982052534532,1
660,1696550400,154.98,161.17,153.66,159.86,5731,0,7695830000,34.20626445419971,6.450714285714288,-11.99559592623176,7.740857142857146,10.321142857142862,207.0886789805771,178.75033333333334,150.4119876860896,0.3170718075741817,1
749,1707868800,113.0,114.51,111.68,114.42,9148,0,13889040000,43.01319964486815,4.949285714285715,-3.3941236068895613,5.9391428571428575,7.918857142857144,138.65961410362866,121.855,105.05038589637134,0.2758132879837291,1
99,1626307200,183.0,190.31,183.0,185.85,5194,0,7258560000,66.35867426027804,6.048571428571431,11.971321846005546,7.258285714285717,9.67771428571429,184.77231447163103,170.412,156.05168552836898,0.1685364231583577,1
750,1707955200,112.6,124.18,112.19,117.48,22160,0,36307740000,46.83795771990784,5.542142857142858,-1.961111574730864,6.650571428571429,8.867428571428574,136.48623620063313,121.10066666666668,105.71509713270022,0.2540955381577825,1
569,1685059200,208.3,208.63,201.02,203.99,5749,0,8105760000,52.4333227183159,8.073571428571427,9.748749125733042,9.688285714285712,12.917714285714284,220.8967810751584,193.98,167.06321892484158,0.2775211988365647,1
334,1655769600,218.17,218.96,213.38,216.47,3323,0,4664200000,43.136946867130526,12.320714285714285,-16.937185833237407,14.784857142857142,19.713142857142856,270.0598227779791,235.61066666666665,201.16151055535417,0.2924244186282947,1
131,1630281600,240.71,244.43,236.88,236.98,3243,0,4882730000,66.64500869884952,9.255714285714284,-0.857632933104636,11.106857142857145,14.809142857142858,250.81458908739307,216.02166666666668,181.22874424594028,0.3221243772219737,1
319,1653609600,259.0,273.68,257.57,271.11,5391,0,8869980000,71.6469968195335,13.957857142857147,22.231740306582505,16.749428571428577,22.33257142857144,263.4710330576868,220.944,178.4169669423132,0.3849575734818488,1
180,1636329600,275.05,279.95,272.89,278.48,2475,0,3855730000,78.12701935877683,9.443571428571428,18.01500190702209,11.332285714285712,15.109714285714285,274.4451670708124,235.8,197.15483292918765,0.3277791948330141,1
701,1701734400,115.51,116.95,112.12,113.26,10715,0,20254640000,36.90132177322874,6.629285714285714,-9.623364187679533,7.955142857142857,10.606857142857145,137.41032151629366,124.73233333333334,112.05434515037302,0.2032831078222484,1
30,1617753600,152.89,152.89,143.26,143.72,4051,0,6313690000,41.50551510613008,5.217142857142854,-7.81861330254634,6.260571428571425,8.347428571428567,161.68755509438148,150.70766666666668,139.72777823895188,0.1457110798749207,1
927,1730160000,97.02,99.38,96.62,96.62,3035,1,461479,52.36342265972811,3.6214285714285728,-5.190854675694232,4.345714285714287,5.794285714285717,105.1188964075668,95.36533333333334,85.61177025909987,0.2045515436965242,1
353,1658188800,207.97,212.31,207.26,211.54,2715,0,3347660000,50.14493873351005,8.505714285714289,-5.215521104041587,10.206857142857146,13.609142857142864,252.1286069893731,216.072,180.0153930106269,0.3337462233826975,1
217,1640908800,234.08,237.13,233.49,233.79,1040,0,1458060000,42.37640650891835,8.967142857142859,-11.065885575167378,10.76057142857143,14.347428571428576,289.6487017644793,250.663,211.6772982355207,0.3110606811893203,1
694,1700784000,125.72,130.28,125.2,129.01,4696,0,7294230000,46.96385575560397,6.470000000000001,0.8048132520706257,7.764,10.352000000000002,161.3469547373094,132.2023333333333,103.05771192935724,0.4409093344894481,1
841,1719446400,98.27,99.1,94.88,96.29,11404,0,17699880000,33.01887262670668,4.6750000000000025,-18.577710130221543,5.610000000000003,7.480000000000004,139.9523158223151,114.57266666666668,89.19301751101827,0.4430314820110976,1
888,1725408000,83.17,87.18,83.17,84.79,3835,1,672025,46.065477859956886,4.04,16.389842141386428,4.848,6.464,97.32309708370808,85.75433333333332,74.18556958295855,0.2698117587925532,1
342,1656633600,205.51,208.78,200.45,205.25,2789,0,4729280000,38.9138268424419,11.531428571428576,-13.338118561053877,13.83771428571429,18.450285714285723,270.9902350821937,233.2866666666667,195.5830982511397,0.3232380911798963,1
840,1719360000,95.5,100.63,95.03,100.28,14164,0,24172360000,36.5910634444612,4.590714285714287,-15.482511588706284,5.508857142857145,7.34514285714286,141.39587190412982,115.87833333333334,90.36079476253688,0.440419495806748,1
268,1647388800,193.12,193.93,185.76,193.0,1922,0,2606070000,48.3707984066208,9.989285714285725,4.737613284853741,11.987142857142867,15.982857142857156,246.47023110832447,201.8983333333333,157.3264355583422,0.4415281398227602,1
53,1620604800,163.75,165.14,159.19,159.48,2694,0,4143600000,50.60755219712227,7.676428571428573,7.33611522412167,9.211714285714288,12.282285714285718,172.98030380265934,155.761,138.54169619734066,0.2210990402303444,1
630,1692835200,192.72,192.93,189.35,190.76,4362,0,6184680000,39.37780803288683,4.96642857142857,-4.686719296492453,5.959714285714283,7.946285714285712,237.0920379692672,203.12166666666664,169.15129536406607,0.3344829910080222,1
730,1705536000,121.37,121.37,115.12,118.02,10643,0,16866580000,31.00980327741678,5.535714285714291,-20.972278023302536,6.642857142857149,8.857142857142867,158.52181349644883,136.07366666666667,113.6255198368845,0.3299410882308676,1
385,1661990400,263.61,263.77,249.58,256.97,5370,0,7823940000,46.32024824837977,10.765714285714294,-8.723759457251429,12.918857142857153,17.22514285714287,304.3844488027187,259.4873333333333,214.590217863948,0.3460447559627986,1
129,1629936000,232.9,236.4,230.45,230.66,2894,0,3953550000,63.04601131824192,9.834999999999996,1.7198800493914297,11.801999999999996,15.735999999999995,249.6092033697509,212.195,174.78079663024914,0.3526398206343304,1
809,1715299200,133.78,133.78,129.06,129.6,4652,0,7227910000,56.78698965341391,5.45,15.333274005517476,6.54,8.72,137.12685398465564,123.04866666666666,108.9704793486777,0.2288230778822846,1
753,1708473600,115.16,120.58,114.06,118.55,9787,0,15646160000,48.6675548071116,6.111428571428571,3.347572138436059,7.333714285714285,9.778285714285715,131.07673678562486,119.35333333333332,107.62992988104178,0.1964486977426947,1
373,1660608000,283.74,284.55,276.88,280.81,3858,0,5717060000,75.34494952420619,11.561428571428568,19.912033478520797,13.87371428571428,18.49828571428571,282.835975649782,230.07933333333327,177.32269101688468,0.4585952293248008,1
536,1681171200,201.22,202.36,197.05,201.68,6380,0,8490090000,35.3963843617083,7.692142857142859,-9.532140133674249,9.23057142857143,12.307428571428575,261.9272906202002,224.59633333333332,187.2653760464665,0.332427130334869,1
931,1730678400,99.25,102.6,98.82,100.61,4751,1,739795,58.20952863754325,3.6614285714285706,5.075718015665796,4.393714285714284,5.858285714285714,104.3703950326266,96.646,88.92160496737341,0.1598492443065742,1
145,1632096000,216.01,218.01,210.24,215.53,7616,0,11605430000,39.05689804324896,9.251428571428574,-9.05139674234112,11.101714285714287,14.80228571428572,248.9715132649879,231.941,214.91048673501209,0.146852115537899,1
777,1711411200,117.8,120.54,117.28,118.98,4173,0,6791980000,46.62857667736571,4.48857142857143,-0.50175614651279,5.386285714285716,7.181714285714289,136.56274225226613,122.41166666666668,108.26059108106722,0.2312046877710369,1
322,1654128000,233.37,251.45,233.0,251.45,5069,0,8341760000,57.86526847147317,15.26928571428572,17.79724538555232,18.323142857142862,24.430857142857157,270.68477359661745,224.5113333333333,178.3378930700492,0.4113239147239853,1
702,1701820800,117.1,122.17,116.71,118.32,15107,0,25402090000,42.24546020438595,6.613571428571428,-7.330827067669183,7.936285714285714,10.581714285714286,135.68222000500552,124.037,112.39177999499452,0.1877701009377122,1
320,1653955200,263.96,265.76,254.26,260.61,7439,0,12142550000,64.62158162606701,14.01928571428572,17.757896163752207,16.823142857142862,22.430857142857157,267.3213218462803,222.634,177.94667815371974,0.4014420245450404,1
54,1620691200,155.28,160.9,153.67,160.49,1919,0,2470980000,51.47433808240093,7.720000000000005,4.861156484808884,9.264000000000006,12.35200000000001,173.15962405219167,156.23066666666668,139.30170928114168,0.2167174697096386,1
657,1696291200,160.18,161.3,155.14,156.77,7409,0,11954650000,26.29823954910148,5.893571428571432,-15.08043984616218,7.072285714285719,9.429714285714292,207.11058070526275,181.999,156.88741929473724,0.2759529525465827,1
911,1728259200,99.97,105.24,99.67,104.38,10281,1,1681067,68.4984549035284,4.609285714285713,16.19726149393298,5.531142857142855,7.374857142857142,101.60678691735866,89.35233333333333,77.097879749308,0.2742950995652117,1
557,1683676800,198.84,199.8,192.24,194.44,7085,0,10268760000,50.79099293416831,9.34214285714286,0.7148036879726486,11.21057142857143,14.947428571428574,225.7045512421699,194.91,164.11544875783002,0.3159873915362983,1
687,1699920000,118.75,126.32,118.75,125.32,12798,0,19975460000,41.37908065441079,6.68,-7.376201034737632,8.016,10.688,177.3153608813793,140.10033333333334,102.8853057852874,0.5312625125523749,1
200,1638835200,253.99,263.19,253.99,259.68,2628,0,3734400000,48.65413996958792,11.953571428571424,-4.739545121056499,14.344285714285707,19.12571428571428,291.4817818008152,265.363,239.24421819918487,0.1968532297329706,1
147,1632268800,220.52,226.64,217.01,223.22,3014,0,4117280000,46.75585942220103,9.46,-6.688403979600369,11.352,15.136,248.86395766845905,230.91566666666668,212.9673756648743,0.1554532116497858,1
574,1685923200,209.4,209.84,204.71,206.17,4080,0,5596800000,53.92128525543051,7.859285714285712,1.167868884636143,9.431142857142854,12.57485714285714,220.7141418207497,194.77533333333332,168.83652484591704,0.2663459283422231,1
695,1701043200,124.75,125.79,118.35,120.8,12719,0,20286100000,40.45628203790914,6.554285714285714,1.079407580955562,7.865142857142857,10.486857142857144,157.71954121280544,130.785,103.85045878719455,0.4118903729449928,1
37,1618531200,151.04,153.0,150.9,152.1,2167,0,3168170000,52.100533269556855,4.377142857142856,1.1303191489361626,5.252571428571426,7.003428571428569,159.42466433500343,150.0016666666667,140.5786689983299,0.1256385729270132,1
422,1666656000,270.5,282.21,268.86,281.26,3177,0,4564990000,56.88062925224316,14.664999999999994,1.5709075150770886,17.597999999999992,23.46399999999999,301.93554105200303,271.74566666666664,241.55579228133024,0.2221921310146845,1
391,1662940800,299.71,300.41,291.79,296.98,3525,0,4564050000,64.51834557159313,11.308571428571437,7.699002719854947,13.570285714285722,18.09371428571429,308.60567650910485,269.676,230.74632349089512,0.2887144314592686,1
421,1666569600,269.0,270.88,258.88,270.55,3200,0,4364170000,52.09587812392152,14.799999999999995,-4.712429119853483,17.759999999999994,23.68,303.76335140915387,272.29266666666666,240.82198192417948,0.2311533771933179,1
318,1653523200,239.48,258.29,237.31,255.39,6163,0,11502440000,66.598816943434,14.197857142857144,5.3502186288260045,17.03742857142857,22.71657142857143,257.12981665552127,218.93866666666665,180.74751667781203,0.3488753318024039,1
123,1629244800,217.07,221.68,215.15,217.73,3142,0,4348660000,57.55082879868025,10.040714285714284,7.346053345165891,12.04885714285714,16.065142857142856,244.7265174285189,203.17366666666663,161.62081590481444,0.4090377600954083,1
477,1673568000,235.95,242.32,233.34,242.15,4216,0,5813880000,53.67163808818604,8.879999999999999,7.146017699115046,10.656,14.207999999999998,277.6721962818014,238.83533333333332,199.9984703848653,0.3252187388393234,1
877,1724025600,79.79,83.37,79.24,82.81,8272,0,13992180000,44.404087811107935,5.294285714285718,-10.504701177996324,6.353142857142862,8.470857142857149,103.24759941093646,88.26333333333334,73.27906725573021,0.3395354675993003,1
260,1646352000,183.0,184.77,174.72,178.94,4059,0,5313610000,35.24097495641692,14.844285714285714,-22.473029764741565,17.813142857142857,23.750857142857143,247.87787303416755,209.56666666666663,171.25546029916578,0.3656230924208769,1
416,1665964800,247.0,251.41,243.7,248.08,4445,0,5680430000,40.73281430410992,15.628571428571425,-8.04018237758089,18.754285714285707,25.00571428571428,308.78205550407074,276.6293333333333,244.47661116259584,0.2324606850857281,1
238,1643673600,226.95,229.42,219.85,225.21,2707,0,3669850000,50.03632437447414,10.79785714285714,-6.213301128555361,12.957428571428569,17.276571428571426,248.5906036519852,226.03066666666663,203.47072968134813,0.1996183731881679,1
255,1645747200,184.99,192.0,180.18,192.0,3773,0,5497020000,38.44665941162788,14.67285714285714,-11.139908363030496,17.607428571428567,23.476571428571425,250.35443780775145,216.03666666666663,181.7188955255819,0.3177032090949199,1
591,1687996800,217.0,219.62,215.62,218.98,4550,0,6222200000,51.3162385018364,6.938571428571436,-0.2914124396685251,8.326285714285723,11.101714285714298,237.47936719337352,215.82066666666668,194.16196613995984,0.2007101623882807,1
580,1686614400,220.02,229.59,219.54,228.8,8445,0,11838470000,66.90862864098199,7.61071428571428,5.935734790258367,9.132857142857135,12.177142857142847,231.0536593449397,202.4043333333333,173.75500732172696,0.2830900459470371,1
845,1719964800,98.34,101.38,97.0,100.68,5930,0,10496190000,41.74789014721486,4.745714285714288,-10.641696991213273,5.6948571428571455,7.593142857142862,134.93496677128852,110.33333333333331,85.73169989537814,0.4459510592982813,1
64,1621900800,160.5,161.77,157.48,157.98,2114,0,3170070000,49.10369396044007,7.070000000000003,-5.2593703148425845,8.484000000000004,11.312000000000005,171.7817475206034,159.7756666666667,147.76958581273,0.1502867251868145,1
89,1625011200,166.52,168.6,166.37,168.49,1666,0,2493200000,54.54920275208424,4.107142857142855,0.4171881518564974,4.928571428571426,6.5714285714285685,176.2858978872307,165.949,155.61210211276932,0.124579212736813,1
711,1702944000,148.42,151.29,147.53,148.93,6643,0,10323310000,65.28763071287071,7.162857142857143,20.639935196435808,8.59542857142857,11.460571428571429,146.2033878884328,126.826,107.4486121115672,0.3055743757341998,1
689,1700092800,124.8,127.04,120.48,122.61,12887,0,18165000000,40.06136931079548,7.216428571428572,-8.799464445105622,8.659714285714285,11.546285714285716,174.78767156241787,137.99766666666667,101.20766177091546,0.5331974921665517,1
704,1701993600,129.5,133.22,127.73,128.02,13730,0,23686140000,50.99530992850943,6.871428571428572,0.4708836917281498,8.245714285714286,10.994285714285716,133.56951069548973,123.46666666666668,113.36382263784364,0.1636529810284511,1
308,1652313600,212.01,218.0,204.51,213.46,4671,0,6416940000,51.45670209033663,13.794999999999993,6.3100752029483616,16.553999999999988,22.07199999999999,237.132566549104,211.0303333333333,184.92810011756265,0.24737896968149,1
559,1683849600,198.58,200.76,194.37,195.78,4433,0,6018430000,51.51851221715318,8.007857142857143,6.448455850369735,9.609428571428571,12.81257142857143,219.82220778786703,193.152,166.48179221213294,0.27615771814806,1
632,1693180800,189.37,192.98,189.01,189.65,3780,0,5218680000,38.16251332194793,4.837857142857142,-3.0716549115813097,5.80542857142857,7.740571428571427,229.26653934800385,200.003,170.73946065199618,0.292631004014978,1
804,1714694400,128.09,130.93,127.38,128.11,6903,0,10449940000,58.07888930477507,5.480714285714286,6.341827840956267,6.576857142857143,8.769142857142858,134.6439933633081,121.8,108.95600663669188,0.2109030108917589,1
108,1627430400,190.01,195.5,189.38,194.44,2538,0,3851610000,63.8868589858348,8.720000000000004,15.765658490116689,10.464000000000004,13.952000000000009,198.6647857999992,175.829,152.99321420000084,0.2597499365861055,1
746,1707436800,113.5,116.2,113.13,115.77,5301,0,9236570000,42.28631353706415,5.033571428571428,-4.1639072847682135,6.040285714285714,8.053714285714285,146.9578833722456,124.99033333333334,103.02278329442107,0.3515079839066848,1
85,1624492800,166.09,166.18,163.01,165.98,2613,0,3834200000,51.75387531364414,4.642857142857139,-4.350832709041671,5.571428571428567,7.428571428571423,175.99875944676882,164.84466666666668,153.69057388656455,0.1353285247942766,1
36,1618444800,154.32,154.32,149.11,150.52,3238,0,4567800000,50.08453326909112,4.502142857142857,1.0676156583629917,5.402571428571428,7.203428571428572,159.52794221616637,149.649,139.77005778383364,0.1320281754795069,1
349,1657670400,191.27,198.11,189.34,196.0,2705,0,3880910000,36.68337535856714,9.405000000000005,-9.359970403255646,11.286000000000003,15.048000000000004,263.8652588890134,222.4093333333333,180.9534077776533,0.3727894412915528,1
188,1637193600,276.08,278.24,269.59,274.6,2230,0,3007720000,65.89814859122302,8.995714285714287,9.638265591311992,10.794857142857143,14.39314285714286,293.14003973324225,249.975,206.80996026675777,0.345354853351273,1
222,1641513600,234.0,238.88,231.73,236.01,2331,0,3215330000,45.79221380328652,7.72071428571429,2.742588481128372,9.264857142857148,12.353142857142863,274.5175713908473,243.81866666666664,213.119761942486,0.2518175096589322,1
556,1683590400,187.99,197.39,187.74,195.17,9786,0,14585020000,51.34402099432416,9.567142857142857,-4.215744012563802,11.480571428571428,15.307428571428572,227.6406757767392,195.70033333333333,163.75999088992745,0.3264209304028357,1
172,1635292800,236.77,238.64,230.63,231.74,3682,0,5213400000,53.313831435971295,7.926428571428572,4.223071733753099,9.511714285714286,12.682285714285715,240.79111959144865,225.25933333333333,209.727547075218,0.1379013781873513,1
936,1731283200,104.21,111.57,103.9,110.5,9156,1,1506493,67.91021168228723,4.727142857142856,14.579012857735382,5.672571428571427,7.56342857142857,106.01666725009204,98.13666666666668,90.25666608324131,0.1605923830731025,1
708,1702512000,143.61,148.77,143.35,145.78,16931,0,26626610000,63.88223813307908,7.781428571428572,12.998992326176271,9.337714285714286,12.450285714285716,138.17714023242428,124.50066666666666,110.82419310090904,0.2197012101529462,1
907,1727740800,94.81,94.9,92.71,94.38,2172,1,353564,57.89913665023794,4.116428571428571,5.700526374734,4.9397142857142855,6.586285714285714,97.13308670890274,87.868,78.60291329109725,0.2108864821983599,1
805,1714953600,130.5,131.39,127.65,130.79,5006,0,7515900000,60.48465077533995,5.277857142857142,14.637566833201848,6.333428571428571,8.444571428571427,135.3797668757481,122.13033333333334,108.8808997909186,0.2169720360338777,1
706,1702339200,126.25,128.63,123.45,127.98,10336,0,15856360000,51.00290815112798,7.007142857142858,1.4586966862216613,8.40857142857143,11.211428571428574,132.5243139515163,123.21066666666668,113.89701938181705,0.151182483413497,1
890,1725580800,81.29,81.45,75.39,76.89,6466,1,1150418,36.4444816686521,4.115714285714284,-3.1246062744109917,4.938857142857141,6.585142857142855,96.68373067931472,85.00800000000001,73.3322693206853,0.2746972209513154,1
60,1621382400,155.0,157.75,152.59,156.99,2509,0,3466800000,48.36681517667302,7.300000000000005,-6.364070141953946,8.760000000000005,11.680000000000009,173.0117211836052,158.26299999999998,143.51427881639475,0.1863824290403345,1
278,1648598400,219.68,226.6,219.42,223.18,3017,0,4174490000,64.35626727278674,7.41857142857143,18.555112881806117,8.902285714285716,11.869714285714288,228.88800804037092,196.0663333333333,163.2446586262957,0.3348017392790974,1
520,1679011200,208.44,209.38,206.64,208.48,5655,0,7576930000,29.059742399283422,9.617857142857147,-18.87622086462509,11.541428571428575,15.388571428571437,294.9837177849563,252.61033333333336,210.2369488817104,0.3354841735291082,1
429,1667433600,269.36,278.5,268.4,274.56,5218,0,6981840000,51.91652680325674,11.711428571428568,15.526382226710428,14.053714285714282,18.73828571428571,292.9359837428956,268.903,244.8700162571045,0.1787483497238447,1
269,1647475200,193.94,196.59,191.81,196.37,1565,0,2092050000,50.25823574832889,9.48642857142858,2.2760416666666687,11.383714285714294,15.178285714285728,245.04992849734717,201.061,157.07207150265288,0.4375679868034788,1
926,1730073600,93.9,99.5,93.67,98.15,4780,1,763090,54.89395039812029,3.682857142857144,-2.1142914131843926,4.419428571428573,5.892571428571431,105.08531014580848,95.13899999999998,85.19268985419149,0.2090900712811464,1
274,1648080000,207.55,214.67,207.49,213.51,2199,0,2870010000,60.0047326390549,8.065000000000003,19.319324913378782,9.678000000000004,12.904000000000003,237.53758572667692,198.02533333333332,158.51308093998975,0.3990626020240871,1
714,1703203200,145.96,153.54,145.5,150.18,7416,0,12489370000,63.55374954233389,7.305,25.22304677728675,8.766,11.688,151.21701850856786,129.56866666666667,107.92031482476548,0.3341602935159404,1
186,1637020800,269.95,273.49,267.03,272.6,2040,0,2936510000,64.72392051710841,10.13,17.63182877362562,12.156,16.208000000000002,289.7196525197547,246.533,203.3463474802453,0.3503519003115582,1
794,1713484800,111.4,114.75,111.3,112.18,5569,0,7911480000,39.40052296035274,5.905714285714285,-13.133033916679556,7.086857142857141,9.449142857142856,133.99832861434925,122.98666666666666,111.9750047189841,0.1790708252550288,1
384,1661904000,272.75,273.09,267.53,267.92,4376,0,6131330000,52.68003543506198,10.60928571428572,0.915288711439228,12.731142857142864,16.974857142857154,305.0114606606681,258.44166666666666,211.87187267266523,0.3603892096398395,1
121,1629072000,231.93,231.93,221.35,225.87,6650,0,9637140000,66.15287932118173,10.141428571428566,19.4952915035446,12.16971428571428,16.226285714285705,244.11725519105505,199.989,155.8607448089449,0.441306823785859,1
583,1686873600,231.31,231.9,227.19,228.38,4457,0,6635310000,64.2839625949723,7.439999999999999,11.95646845433599,8.927999999999999,11.904,233.3559770499784,207.87866666666665,182.4013562833549,0.2451171232896603,1
165,1634515200,228.01,237.87,227.54,236.91,3298,0,4513780000,61.77044437417444,7.752857142857138,9.49805879090404,9.303428571428563,12.404571428571424,242.8018771106066,225.65266666666668,208.50345622272675,0.1519965236597241,1
518,1678838400,216.32,216.7,210.1,215.0,8327,0,11491550000,31.304327023858303,9.894285714285717,-15.304313571006498,11.87314285714286,15.830857142857148,297.3619617207646,257.688,218.01403827923536,0.3079224622082877,1
733,1705968000,123.92,127.24,120.82,122.65,8938,0,14162510000,40.20284355454959,5.777857142857147,-16.507828454731108,6.933428571428576,9.244571428571437,158.26492736703457,136.131,113.99707263296546,0.3251857015233054,1
852,1721001600,93.12,96.95,93.12,95.49,7865,0,11846210000,40.48005057798213,4.787142857142859,-0.9439834024896376,5.74457142857143,7.659428571428575,123.0699354517781,103.586,84.1020645482219,0.3761885863297761,1
311,1652745600,231.51,239.33,231.23,239.27,4411,0,6210210000,62.68590889534365,14.634285714285708,24.46421140241365,17.561142857142848,23.414857142857134,239.93609815398844,211.772,183.60790184601157,0.2659850986342713,1
639,1694044800,186.51,188.36,184.03,187.52,4830,0,6871850000,37.9196198302258,5.40571428571429,2.649441646595141,6.486857142857148,8.649142857142865,210.7969997413057,194.3863333333333,177.97566692536094,0.1688458867098585,1
744,1707264000,114.0,115.99,111.49,115.0,6059,0,10401600000,40.78047882748079,5.694285714285713,-2.558888324012876,6.833142857142856,9.11085714285714,152.22199043784462,127.38166666666667,102.54134289548873,0.3900141114683371,1
199,1638748800,251.95,252.69,239.33,248.45,3118,0,4480080000,39.99649112715721,11.362142857142857,-8.392020943180558,13.634571428571425,18.17942857142857,292.4081659371698,264.6893333333333,236.9705007294968,0.2094442738191428,1
25,1617062400,146.1,146.57,143.82,145.49,4903,0,7293050000,41.84987176166663,5.268571428571428,-4.465165145446178,6.322285714285713,8.429714285714285,163.11147263402663,151.44366666666664,139.77586069930666,0.1540877373636399,1
418,1666137600,248.7,256.83,247.86,256.47,3202,0,5339470000,45.05437385746213,14.818571428571426,-3.4556747600225672,17.78228571428571,23.709714285714284,309.33552668045525,275.375,241.41447331954475,0.2466493086188306,1
317,1653436800,243.17,247.2,232.39,237.42,5195,0,7825870000,58.815153299865706,13.764285714285714,0.3677869372225644,16.517142857142858,22.022857142857145,253.18359762847177,217.513,181.84240237152815,0.3279858916797782,1
678,1698796800,122.95,124.8,118.59,120.75,12284,0,18546480000,23.25679373956045,7.434285714285713,-29.30741759850126,8.921142857142856,11.89485714285714,184.6879713659279,153.68366666666668,122.6793619674055,0.4034821054407583,1
19,1616371200,149.56,153.0,149.46,152.15,2012,0,2671990000,46.9438872713006,6.885714285714286,-1.0213374967473283,8.262857142857143,11.017142857142858,166.9318138755948,154.06266666666667,141.19351945773855,0.1670637992625701,1
189,1637280000,274.0,282.55,272.88,281.49,2748,0,4341630000,69.7444258158429,9.067857142857148,10.01289717434635,10.881428571428575,14.508571428571436,294.7534474435544,252.18966666666665,209.6258858897789,0.3375537256500415,1
103,1626825600,194.0,198.33,189.23,190.17,5774,0,8764000000,65.66583160558474,7.946428571428577,12.867232476704835,9.535714285714292,12.714285714285724,189.47418382417163,172.00533333333334,154.53648284249505,0.2031198702075706,1
432,1667865600,290.5,311.53,288.52,306.18,6998,0,10685150000,64.90327780437912,12.452142857142851,19.38238390455023,14.94257142857142,19.923428571428563,299.9972543249328,271.35033333333337,242.70341234173395,0.2111434368971925,1
176,1635811200,254.6,260.99,251.55,259.5,4324,0,6756840000,70.90894013591948,9.330000000000002,16.019135333303534,11.196000000000002,14.928000000000004,253.46119028439375,229.322,205.18280971560625,0.2105265982713719,1
887,1725321600,87.41,87.99,82.72,84.15,5813,1,906308,45.031353892585365,4.119999999999999,9.143968871595346,4.943999999999999,6.591999999999999,97.72667828562128,85.97766666666666,74.22865504771204,0.2733038025910905,0
512,1678147200,254.55,257.05,247.03,248.9,4428,0,6272430000,43.9915226359266,12.196428571428571,-8.080360440209754,14.635714285714284,19.51428571428572,294.00563744325626,266.725,239.44436255674376,0.2045600333171337,0
538,1681344000,202.73,205.34,199.96,203.01,3827,0,6279780000,36.77803759484592,7.024285714285717,-5.611865352427014,8.42914285714286,11.238857142857148,256.5110079058543,221.18266666666668,185.8543254274791,0.3194494557064832,0
734,1706054400,125.58,126.08,120.02,121.76,5897,0,9776170000,39.35900817010741,5.48214285714286,-13.096852473056888,6.578571428571432,8.771428571428578,158.48652203919042,135.92233333333334,113.35814462747626,0.3320159116238991,0
247,1644796800,230.44,233.88,224.99,227.55,2412,0,3134630000,51.46047124628018,9.681428571428569,10.380790686393404,11.617714285714282,15.490285714285712,247.90495477900492,224.9513333333333,201.9977118876617,0.2040763315828752,0
532,1680566400,216.9,216.9,207.2,209.58,6530,0,9801180000,35.33428055183525,7.8471428571428605,-2.520930232558133,9.416571428571432,12.555428571428578,266.5158995690681,231.72966666666667,196.94343376426525,0.3002311564400595,0
822,1717027200,123.48,125.94,123.32,123.72,4221,0,6449730000,46.71139254324781,4.907857142857141,-7.39520958083832,5.889428571428569,7.852571428571426,138.44007428997517,124.51833333333336,110.59659237669152,0.2236094972356171,0
609,1690329600,211.47,213.11,208.14,210.04,4782,0,6906390000,36.781899864775866,7.459285714285721,-7.699068377570755,8.951142857142864,11.934857142857156,246.0609969212163,227.9043333333333,209.7476697454504,0.1593358346664428,0
722,1704412800,135.42,138.22,133.95,135.88,6780,0,9792110000,46.73340304621859,6.0607142857142895,-6.791055014405272,7.272857142857147,9.697142857142865,158.64202564345365,135.02766666666668,111.4133076898797,0.3497706738143092,0
14,1615766400,159.63,159.73,156.58,158.83,2205,0,3010910000,52.38639015873129,8.220714285714289,2.729448289243903,9.864857142857144,13.153142857142862,170.19797730193832,155.48366666666666,140.769356031395,0.1892714643373686,0
450,1670198400,281.75,282.36,265.12,265.21,5734,0,8726300000,42.81919281450006,13.459285714285707,-16.279436833133403,16.151142857142847,21.53485714285713,315.7119669426746,284.2303333333333,252.748699723992,0.2215219835275003,0
412,1665446400,274.12,275.87,267.55,273.13,4526,0,7026550000,48.49743213309228,12.811428571428568,-4.114446199754266,15.37371428571428,20.49828571428571,304.28470120628305,278.7883333333333,253.29196546038355,0.1829084278248115,0
76,1623369600,168.92,170.39,167.56,170.18,1627,0,2395880000,54.94628333397685,5.155000000000001,6.602355299423716,6.186000000000001,8.248000000000003,176.62691983251145,164.15200000000002,151.67708016748858,0.1519922977790271,0
831,1718150400,116.64,118.8,111.78,112.67,6474,0,10894100000,33.30378311889643,3.909999999999999,-10.925764882599411,4.691999999999998,6.255999999999999,137.52308125713205,124.878,112.23291874286797,0.2025189586177236,0
955,1733702400,106.36,113.91,106.08,109.68,5036,1,847892,56.86983714216302,4.277142857142858,5.390602479100619,5.132571428571429,6.843428571428572,113.94549229243032,103.89233333333333,93.83917437423632,0.1935303335009706,0
966,1734998400,89.3,90.09,87.97,89.93,1052,1,181138,35.19196059454848,4.200714285714286,-12.306192101413934,5.040857142857143,6.7211428571428575,116.53818582202808,102.66666666666669,88.79514751130527,0.2702243991304168,0
203,1639094400,260.92,263.56,257.22,262.88,1841,0,2490990000,50.86113763185577,11.862142857142851,-6.611247291200402,14.23457142857142,18.979428571428564,286.28513792597994,267.72433333333333,249.1635287406868,0.1386560897289619,0
615,1691020800,214.64,214.99,198.81,199.35,9936,0,15752730000,32.696014915316084,7.728571428571434,-15.285568587455382,9.27428571428572,12.365714285714295,248.51305462147783,223.199,197.8849453785221,0.2268294626900468,0
715,1703548800,152.0,153.09,149.1,152.44,6628,0,9615750000,65.01050893679715,7.0321428571428575,34.592971923009,8.438571428571429,11.251428571428573,153.40376384902805,130.75066666666666,108.09756948430528,0.346508323970734,0
603,1689638400,238.01,239.11,235.07,236.98,3763,0,4499640000,58.918573130267546,7.304285714285718,4.359697023075558,8.76514285714286,11.68685714285715,245.5964256493644,227.637,209.6775743506356,0.1577900398385534,0
968,1735257600,88.49,90.84,87.3,88.28,2225,1,410237,33.313804359903145,4.119285714285716,-15.875738517247948,4.943142857142859,6.590857142857145,116.9265294598364,101.54466666666666,86.16280387349693,0.3029575712462115,0
611,1690502400,210.7,211.96,205.62,208.07,6017,0,7718590000,36.67445910813159,7.092142857142865,-13.210144323016609,8.510571428571438,11.347428571428583,247.54540742994968,226.5186666666667,205.4919259033837,0.1856512849267726,0
915,1728604800,100.84,103.42,100.5,102.03,5185,1,700821,62.281516991368754,4.567142857142857,15.01521812647955,5.480571428571428,7.307428571428571,105.95951606945236,91.00233333333333,76.0451505972143,0.3287208621636593,0
620,1691625600,195.65,195.82,191.16,191.71,5717,0,8429590000,28.333272412540268,6.858571428571429,-11.245370370370368,8.230285714285715,10.973714285714289,251.35693447913104,218.63433333333333,185.9117321875356,0.2993363452748139,0
758,1709078400,130.66,133.71,129.98,132.08,8430,0,11847250000,61.802673433327534,6.445,14.85217391304349,7.734,10.312,128.0617452870132,118.47933333333334,108.89692137965348,0.1617566825215061,0
656,1696204800,169.59,169.59,161.38,162.44,5642,0,8731930000,29.850008305883364,5.645000000000002,-11.889780863527887,6.774000000000003,9.032000000000004,206.34964432635644,183.04066666666668,159.73168900697692,0.2546863282806708,0
325,1654560000,253.71,258.82,252.5,257.89,2855,0,5027400000,60.18412050964334,13.903571428571434,7.782003594265882,16.68428571428572,22.245714285714296,276.8102081903782,229.8426666666667,182.87512514295523,0.4086929742407398,0
280,1648771200,223.93,228.38,222.38,225.06,2657,0,3498630000,64.65281403021746,7.418571428571427,27.664643485166497,8.902285714285712,11.869714285714284,226.7942708082258,196.175,165.55572919177422,0.3121628220540414,0
670,1697760000,142.4,144.62,138.55,138.58,10821,0,16633740000,29.88330091407657,8.497142857142858,-14.68850036936714,10.19657142857143,13.595428571428574,191.24402152103693,167.18033333333332,143.11664514562972,0.2878770212728802,0
789,1712880000,129.9,130.86,122.11,122.62,7489,0,12917260000,47.48782290463363,6.14214285714286,1.4394440767703582,7.370571428571431,9.827428571428577,136.9765776320014,124.812,112.6474223679986,0.1949264114348205,0
834,1718582400,102.75,104.17,98.95,100.6,10921,0,19906150000,22.335919202454164,4.187857142857143,-21.221613155833992,5.025428571428572,6.700571428571429,140.75315195981773,122.87666666666664,105.00018137351556,0.290966312451256,0
613,1690848000,210.0,211.04,205.93,208.01,5630,0,8682020000,38.305033949508456,6.9728571428571495,-14.574948665297748,8.36742857142858,11.15657142857144,247.73630115475888,225.218,202.6996988452411,0.1999689292575095,0
636,1693526400,200.97,202.04,198.6,200.3,3680,0,5168600000,54.43893820176648,4.826428571428573,7.943522310842859,5.791714285714288,7.722285714285717,215.1135708611952,196.22866666666667,177.34376247213817,0.1924785457224581,0
736,1706227200,120.0,122.13,119.0,119.83,4432,0,6908470000,38.45616596154232,5.53857142857143,-11.811892846629377,6.646285714285716,8.861714285714289,159.15029152463973,135.37933333333334,111.60837514202694,0.3511755835401719,0
540,1681689600,205.5,208.37,204.53,205.96,9272,0,21396300000,40.028894006497005,7.159285714285717,-5.868372943327241,8.591142857142861,11.454857142857149,248.7726970860262,217.855,186.93730291397375,0.2838373880427459,0
398,1663718400,290.58,297.53,284.85,284.85,3158,0,4522590000,52.99398542114841,14.069999999999997,6.319050462824725,16.883999999999993,22.511999999999997,307.30559436971635,281.7633333333333,256.2210722969503,0.1813029448098264,0
337,1656028800,216.08,226.59,214.41,224.81,5103,0,6580510000,48.30581182426402,11.074999999999998,-10.366412822455246,13.289999999999996,17.719999999999995,270.14975252982833,235.56266666666667,200.97558080350504,0.2936550715152513,0
612,1690761600,208.07,215.82,206.81,212.3,10660,0,17557050000,41.47960668755844,7.062142857142864,-11.204985570287336,8.474571428571437,11.299428571428583,247.47712313409323,225.897,204.31687686590675,0.1910616177646736,0
289,1649894400,213.73,215.22,210.22,210.95,1721,0,2091170000,51.6037568805523,8.670000000000003,-2.6219821815999667,10.404000000000003,13.872000000000009,235.1562457060209,203.2623333333333,171.36842096064572,0.3138201933398475,0
726,1704931200,132.74,133.18,127.93,128.64,8785,0,14249600000,39.79853790379931,5.778571428571435,-9.75164866002526,6.934285714285721,9.245714285714296,158.4392818515512,136.076,113.7127181484488,0.3286881132830359,0
960,1734307200,98.59,100.91,97.56,99.5,2706,1,483606,43.873812709553874,4.273571428571428,-9.57833515085424,5.128285714285713,6.837714285714284,112.90003494455998,104.78366666666668,96.66729838877336,0.1549166685245467,0
394,1663200000,303.12,303.84,286.47,286.73,4795,0,7112620000,55.39810479207146,13.336428571428568,-3.0302005478710745,16.00371428571428,21.33828571428571,312.53780432450543,275.2753333333333,238.0128623421612,0.2707287321385287,0
501,1676592000,278.57,279.05,252.52,258.02,16677,0,28323890000,45.45364509122806,11.899285714285709,-5.136218243317779,14.279142857142848,19.03885714285713,302.591217216647,261.8863333333333,221.1814494500196,0.310859168290419,0
48,1620000000,169.55,169.99,165.47,166.05,2195,0,2807580000,60.01040342951552,6.642142857142856,11.757975501413378,7.970571428571427,10.62742857142857,170.62386350459704,153.781,136.93813649540297,0.2190499932318951,0
16,1615939200,153.29,156.75,151.58,155.91,2866,0,3814050000,49.99000509845677,7.45857142857143,1.5832681782642737,8.950285714285716,11.933714285714288,167.7857352133226,154.67666666666668,141.56759812001076,0.169502858177134,0
885,1724889600,88.99,93.0,86.79,91.65,5383,0,8962440000,56.70600128456396,3.877857142857143,12.247397428046538,4.653428571428572,6.2045714285714295,98.50205263793616,86.35300000000001,74.20394736206384,0.2813811364500634,0
738,1706572800,121.27,122.99,118.8,120.32,5533,0,9097760000,40.43329144314479,5.58,-9.973812196034428,6.696,8.928,158.27138837223598,133.96866666666668,109.66594496109738,0.3628120262783232,0
668,1697587200,164.0,164.06,152.06,152.89,19040,0,30445530000,36.96862716144679,8.46357142857143,-11.306416057547285,10.156285714285715,13.54171428571429,191.5323835305925,170.142,148.75161646940748,0.2514415433060916,0
207,1639612800,243.0,243.0,228.4,231.0,4459,0,6254300000,34.36093154555046,12.587142857142853,-13.434513771781909,15.10457142857142,20.139428571428564,291.0525921068014,265.2403333333333,239.4280745598653,0.1946329839740414,0
458,1671062400,240.73,246.59,237.77,240.58,6751,0,8816770000,34.61261150093944,10.866428571428568,-11.778511184451771,13.03971428571428,17.38628571428571,320.0941310390497,278.25033333333334,236.40653562761696,0.3007636843014243,0
566,1684800000,206.25,220.1,206.01,215.98,13787,0,19906320000,63.40743206254093,8.453571428571431,24.90891215082991,10.144285714285717,13.52571428571429,219.6612550895214,193.56766666666667,167.47407824381193,0.2696068911941705,0
455,1670803200,253.51,261.1,250.59,259.36,3804,0,5025490000,42.12610394350944,10.767857142857142,-8.233379329865896,12.92142857142857,17.228571428571428,318.21135836807605,280.4943333333333,242.7773082985906,0.2689325277022308,0
448,1669852800,280.05,280.48,268.85,275.18,3131,0,4239300000,46.76299808327092,13.38857142857142,-14.129688572676768,16.066285714285705,21.421714285714277,316.2969716333539,283.4336666666666,250.57036169997932,0.231894152541422,0
529,1680134400,228.66,229.32,222.43,222.45,4379,0,5810290000,43.17823208754042,8.329285714285717,-1.1728641876582766,9.99514285714286,13.326857142857149,275.3539283472006,236.27866666666668,197.20340498613277,0.3307557320497317,0
135,1630627200,243.46,245.54,239.66,241.85,2362,0,3763250000,67.84588558015821,8.365714285714287,7.074866073405052,10.038857142857143,13.38514285714286,254.13000562852608,222.729,191.32799437147395,0.2819660271318603,0
410,1665100800,275.9,276.97,266.27,272.54,3494,0,4930500000,48.20638266884242,13.245714285714282,-8.21096591674525,15.894857142857138,21.193142857142853,305.2387007053704,279.5253333333333,253.81196596129624,0.1839787976667856,0
843,1719792000,95.24,97.44,94.82,97.42,6946,0,11818880000,35.69945198516329,4.610000000000002,-14.566342190651582,5.532000000000003,7.376000000000004,138.2073010569717,112.451,86.6946989430283,0.458089319916616,0
652,1695686400,164.51,166.17,162.07,163.6,5616,0,9977070000,19.484993611429505,4.970000000000001,-13.817626297213303,5.964,7.952000000000002,204.4287220272943,185.1903333333333,165.9519446393724,0.2077688219215289,0
489,1675209600,280.59,289.28,279.47,285.86,4131,0,5406690000,70.29980438903847,9.880714285714282,20.8608151530526,11.856857142857136,15.809142857142852,287.0656389436152,241.123,195.1803610563848,0.3810722240816115,0
717,1703721600,149.13,151.79,149.0,149.44,3923,0,6842110000,61.4606970623729,6.467857142857143,19.21818907060232,7.761428571428572,10.34857142857143,156.19880964852663,132.72633333333334,109.25385701814004,0.3536973519225266,0
669,1697673600,150.56,151.6,142.67,144.55,11820,0,19281830000,32.60343987248497,8.682857142857145,-14.995589532490444,10.419428571428574,13.892571428571433,191.01981557624248,168.70966666666666,146.39951775709085,0.2644797936049009,0
830,1718064000,113.5,114.16,112.14,114.02,5640,0,9660570000,34.97276408813845,3.804999999999999,-10.03629477670822,4.565999999999998,6.087999999999998,137.0467731363452,125.133,113.2192268636548,0.1904177656788409,0
380,1661385600,290.59,298.17,290.15,295.69,4829,0,6905570000,74.2954985604402,11.21642857142857,24.25515821322016,13.459714285714284,17.946285714285715,303.2969960824167,249.16,195.02300391758325,0.4345560770783169,0
886,1724976000,93.14,94.69,89.53,90.26,5442,0,8418090000,54.252939316642696,3.757857142857143,18.71629619886887,4.509428571428572,6.012571428571429,98.34180506288808,86.29266666666666,74.24352827044524,0.2792621635570753,0
205,1639440000,245.94,247.65,239.71,243.99,3124,0,4885730000,40.254757803972666,11.762142857142852,-11.327954644570436,14.114571428571422,18.819428571428563,287.5168924284991,267.277,247.03710757150088,0.1514525561757959,0
605,1689811200,229.23,231.53,221.57,223.11,7046,0,9039090000,45.21545397702464,7.478571428571432,1.886016987852783,8.974285714285719,11.965714285714292,244.0048382273852,228.84266666666664,213.68049510594813,0.132511753875022,0
671,1698019200,136.46,138.85,134.34,136.28,9267,0,16594430000,28.883495228601888,8.297857142857142,-13.070102698220328,9.95742857142857,13.276571428571428,190.98088210859848,165.51200000000003,140.04311789140158,0.3077587378389294,0
193,1637884800,264.9,269.68,262.84,266.85,2633,0,3652660000,53.2383149253104,9.460000000000004,-2.07698800044034,11.352000000000006,15.136000000000008,296.27742975739017,259.32733333333334,222.37723690927652,0.2849687763268826,0
861,1721952000,92.5,93.16,90.6,92.79,5034,0,8491580000,41.12431338452031,4.292142857142856,-6.442831215970962,5.150571428571428,6.8674285714285705,104.37614499847552,96.38366666666666,88.39118833485779,0.1658471524942096,0
567,1684886400,214.18,214.81,209.49,212.24,5534,0,7705460000,59.72890041878946,8.037857142857144,20.831198405920865,9.645428571428573,12.860571428571433,220.72757992765017,193.91366666666667,167.09975340568317,0.2765551672753011,0
644,1694649600,186.14,186.63,183.81,184.91,4804,0,6504930000,37.18431672922405,5.340714285714286,-3.066680645837699,6.408857142857143,8.545142857142858,202.84354392383767,190.63566666666665,178.42778940949563,0.1280754800046618,0
823,1717113600,124.19,125.29,120.21,122.64,6307,0,8840050000,45.33627441888474,4.933571428571428,-5.370370370370366,5.920285714285713,7.893714285714285,137.97564800492816,124.879,111.78235199507182,0.209749405503378,0
884,1724803200,88.07,88.68,87.55,88.0,6354,0,9496130000,51.34138906347279,3.6207142857142864,7.540021996822683,4.344857142857143,5.7931428571428585,98.7227769241232,86.42333333333333,74.12388974254347,0.284632474041498,0
436,1668384000,323.27,323.72,309.66,316.78,4979,0,6678420000,64.16003015513121,13.414285714285713,12.628884306335769,16.097142857142853,21.46285714285714,319.6383641778873,277.386,235.1336358221127,0.3046466957805175,0
759,1709164800,136.54,140.65,135.76,137.78,12794,0,20356450000,66.05905945535585,6.838571428571428,20.574078935853684,8.206285714285713,10.941714285714284,130.93174448225835,119.04933333333334,107.16692218440834,0.1996216327504285,0
230,1642636800,220.29,227.27,214.8,217.19,3448,0,4714840000,35.549872649827364,10.069285714285712,-7.393510425105532,12.083142857142857,16.11085714285714,258.61611186620735,235.5076666666667,212.399221467126,0.1962436767058455,0
3,1614297600,152.28,158.91,151.82,157.21,5184,0,6982120000,46.16742061246451,9.30928571428572,0.0254501495196414,11.171142857142865,14.894857142857152,185.2521101713419,164.59633333333335,143.94055649532478,0.2509870836086899,0
491,1675382400,287.91,291.94,285.12,287.21,3960,0,5335110000,69.14458209379723,9.412142857142852,18.608300640099102,11.29457142857142,15.059428571428564,296.40818427758273,244.805,193.2018157224172,0.4215860319648925,0
139,1631232000,249.83,253.1,240.97,241.33,4885,0,7548370000,64.25856013598914,8.251428571428574,9.860244912823791,9.90171428571429,13.20228571428572,252.9916047470576,228.78833333333336,204.5850619196091,0.2115778463096829,0
498,1676332800,266.63,273.84,266.42,270.78,4527,0,5871430000,55.09052139308747,9.30499999999999,-0.0221533008418262,11.165999999999988,14.887999999999986,303.6218775195659,256.55466666666666,209.48745581376744,0.3669175966621738,0
952,1733270400,108.76,109.13,101.11,102.55,4065,1,690170,47.60877507428971,4.2092857142857145,-5.274339552928143,5.051142857142858,6.734857142857144,114.15281664265096,102.79133333333333,91.42985002401568,0.2210591679451115,0
453,1670457600,263.03,263.03,254.35,255.92,3974,0,5497750000,39.20612519161439,11.32071428571428,-7.769929364278518,13.584857142857135,18.113142857142847,317.48281474675366,282.14533333333327,246.80785191991288,0.250491340728091,0
293,1650499200,221.0,222.7,206.1,207.42,4213,0,5616090000,47.589137634053024,9.047142857142862,-6.242372191836552,10.856571428571437,14.47542857142858,233.76498094667215,207.72233333333327,181.67968571999447,0.2507448014417213,0
397,1663632000,293.59,294.0,284.31,287.61,2751,0,3964690000,54.49610647099699,13.56142857142857,5.347789458261611,16.273714285714284,21.698285714285717,309.3100885044206,280.42,251.52991149557943,0.2060487019786077,0
46,1619654400,171.0,171.87,164.37,167.66,2572,0,3421230000,62.69548747574875,6.474285714285713,13.783508652867324,7.769142857142856,10.358857142857142,167.94751046080285,152.75033333333332,137.5531562058638,0.1989806083670678,0
757,1708992000,127.32,130.32,126.5,128.56,10554,0,16621970000,58.84299870480524,6.398571428571429,13.739715119879678,7.678285714285714,10.237714285714286,126.86296260442091,118.27400000000002,109.6850373955791,0.1452383889007036,0
610,1690416000,210.93,210.96,205.11,205.96,7189,0,10303710000,34.17079832214516,6.9521428571428645,-13.287302121926576,8.342571428571437,11.123428571428583,246.98176327485496,227.143,207.30423672514505,0.1746808246334246,0
393,1663113600,297.22,308.24,295.1,307.05,4674,0,7182720000,68.30333909539522,12.59142857142857,6.607180056940501,15.109714285714285,20.146285714285717,312.8866651998161,273.7066666666667,234.5266681335173,0.286291883280028,0
74,1623196800,175.99,176.07,173.47,174.39,3145,0,4275830000,60.572279935164886,5.027142857142861,11.083508503726335,6.032571428571433,8.043428571428578,176.55273546242535,164.12533333333332,151.69793120424126,0.1514379514325482,0
962,1734480000,97.27,97.6,90.1,90.47,4557,1,719577,34.234968257696394,4.574285714285713,-16.1926817971283,5.489142857142856,7.318857142857141,114.10590649205488,104.37233333333332,94.6387601746118,0.1865163467723861,0
898,1726617600,90.34,90.47,86.09,86.6,5183,1,1110321,50.38397506099992,4.9435714285714285,-1.5909090909090973,5.932285714285714,7.909714285714286,94.61645200960878,84.152,73.68754799039122,0.2487035842192408,0
618,1691452800,193.91,195.71,191.53,195.66,5049,0,7432430000,30.848052879299885,7.876428571428576,-15.798080647243625,9.45171428571429,12.602285714285722,250.2897124272456,220.57066666666665,190.85162090608773,0.2694741436810479,0
257,1646092800,193.89,196.94,184.25,186.22,2973,0,4094350000,36.98138408522621,15.106428571428568,-17.776404097492048,18.12771428571428,24.17028571428571,248.1492583527707,213.13066666666663,178.11207498056262,0.3286114779612885,0
5,1614643200,153.99,158.64,153.37,153.72,4153,0,6351790000,43.87144601956154,9.530714285714287,-3.0891438658428987,11.436857142857145,15.24914285714286,181.9789694166157,162.732,143.4850305833843,0.2365480595901938,0
969,1735516800,86.87,87.18,85.14,86.12,3382,1,575359,30.908120278995558,3.702857142857144,-21.480671043034285,4.443428571428573,5.924571428571431,117.38843918631508,101.01166666666668,84.63489414701826,0.3242550699354545,0
614,1690934400,205.72,205.72,201.0,202.85,5240,0,7236500000,34.85015772046701,7.090714285714291,-16.045857131032204,8.50885714285715,11.345142857142866,248.01142970054315,224.237,200.4625702994569,0.2120473400959085,0
141,1631577600,232.51,234.97,228.74,230.41,3877,0,5599330000,51.83692702173101,8.91214285714286,0.5323094375845364,10.69457142857143,14.259428571428575,251.27570680481895,230.34133333333327,209.40695986184767,0.1817682755286559,0
862,1722211200,91.41,92.45,90.27,91.69,5329,0,8344470000,39.55935862511833,3.839285714285713,1.348513319332374,4.607142857142856,6.1428571428571415,102.6313361988205,95.83166666666666,89.03199713451282,0.1419086147339016,0
725,1704844800,131.76,134.1,130.12,132.87,7171,0,10540580000,43.81863001627771,5.997142857142864,-10.7835896058551,7.196571428571436,9.595428571428585,158.56386642648943,135.918,113.27213357351056,0.3332283645505295,0
655,1695945600,175.67,176.83,169.68,170.05,6356,0,8466130000,35.89120472402931,5.364285714285714,-8.737186711747974,6.437142857142857,8.582857142857142,205.7126180237144,183.74066666666664,161.76871530961893,0.239162638904627,0
948,1732665600,107.37,109.73,106.24,107.95,2049,1,299219,57.11067163699871,5.1885714285714295,8.0040020010005,6.226285714285715,8.301714285714288,112.61252166663232,101.10333333333332,89.59414500003432,0.2276717879390526,0
515,1678406400,235.0,235.03,223.91,225.09,9709,0,13382050000,34.187047472620606,10.055,-12.76257654445391,12.066,16.088000000000005,295.9955631091116,263.4103333333333,230.82510355755505,0.2474104137330345,0
434,1668038400,311.12,320.81,304.29,320.46,4415,0,6301440000,67.79929333814837,13.022142857142851,18.66691353453063,15.626571428571424,20.835428571428565,309.010239109656,273.92533333333336,238.84042755701077,0.2561640089975074,0
4,1614556800,158.43,161.28,151.5,152.89,7829,0,13000600000,43.09977436414324,9.530000000000005,-5.360569483132172,11.436000000000003,15.248000000000005,183.55693570285084,163.61233333333334,143.66773096381584,0.2438031652404056,0
675,1698364800,136.5,138.35,133.81,134.44,4884,0,6400190000,29.645330069775422,7.801428571428572,-13.693265712268094,9.361714285714283,12.482285714285716,186.62327825419877,159.05599999999998,131.48872174580123,0.346636131352464,0
492,1675641600,286.0,290.18,276.59,276.7,4624,0,6629250000,60.232378009581446,10.119999999999996,13.826154922045328,12.143999999999997,16.191999999999993,298.94115801895015,246.274,193.6068419810498,0.4277118820415487,0
645,1694736000,184.17,188.47,182.93,183.9,4264,0,6700460000,36.01780304207052,5.364285714285714,-3.072787645601636,6.437142857142857,8.582857142857142,202.10891831029596,190.1206666666667,178.13241502303745,0.1261120303627791,0
229,1642550400,227.24,229.14,219.58,219.69,1979,0,2707730000,36.90445461378246,9.61142857142857,-5.517804920006887,11.533714285714284,15.378285714285711,260.5885712784544,236.924,213.2594287215456,0.1997650831359796,0
454,1670544000,257.07,257.72,252.37,253.38,3768,0,4877120000,38.141474998887226,11.228571428571426,-8.52377342142316,13.474285714285712,17.96571428571428,318.0480819368009,281.183,244.3179180631991,0.2622141590124644,0
326,1654646400,255.97,259.88,251.3,253.67,2867,0,4008050000,57.69739799085349,13.74714285714286,7.441761965268951,16.496571428571432,21.995428571428576,276.98324113966294,232.04,187.09675886033708,0.3873749451789599,0
847,1720396800,99.71,101.65,99.11,99.18,5813,0,11119170000,40.50970100731019,4.456428571428575,-4.173913043478255,5.347714285714289,7.130285714285719,132.03024947155296,108.47766666666666,84.92508386178037,0.434238374194743,0
511,1678060800,260.71,263.25,255.15,256.94,2637,0,3417960000,48.541447275919055,12.010714285714284,-4.812358759678438,14.412857142857138,19.217142857142854,293.665946476991,267.116,240.56605352300895,0.1987896380373396,0
635,1693440000,199.59,199.97,197.92,198.61,3385,0,4107470000,52.04744071058411,4.967857142857143,5.925333333333341,5.961428571428572,7.94857142857143,216.92966153020032,196.752,176.57433846979964,0.2051075621106808,0
663,1696982400,162.09,166.34,162.09,164.76,6057,0,8057720000,43.02094253607871,6.53714285714286,-2.4742512134485657,7.844571428571432,10.459428571428576,204.18987809328007,175.60233333333335,147.01478857338662,0.3255941332588221,0
1,1614124800,155.0,162.13,152.79,160.91,5332,0,8385010000,48.31828334120531,9.08214285714286,-0.6053493112607263,10.898571428571431,14.531428571428576,187.90306420980045,166.31733333333332,144.7316024568662,0.259572835180143,0
648,1695168000,180.46,181.46,174.21,174.5,5089,0,6992380000,26.72033113991728,5.274285714285715,-12.13052016717861,6.329142857142858,8.438857142857144,200.9868750771318,188.237,175.48712492286825,0.1354661950321326,0
681,1699228800,125.09,125.74,118.5,119.51,11647,0,19618810000,28.065931291496767,7.467142857142856,-29.492625368731563,8.960571428571427,11.94742857142857,183.41591370507837,149.29000000000002,115.1640862949217,0.4571761498436374,0
723,1704672000,134.13,136.99,132.75,136.58,5701,0,9265740000,47.50629688324869,5.955714285714292,-7.145285199537692,7.14685714285715,9.529142857142867,158.7632942288126,135.361,111.95870577118735,0.3457760245390123,0
256,1646006400,192.36,200.84,190.52,195.83,3708,0,5108650000,40.79690164183876,14.851428571428569,-10.974223757785149,17.821714285714283,23.76228571428571,248.99175863995924,214.716,180.44024136004072,0.3192659945226184,0
118,1628640000,240.1,242.07,227.74,235.99,6299,0,10221240000,79.94798282521953,9.733571428571423,22.42050111531877,11.680285714285707,15.573714285714278,235.06837475927236,193.78066666666663,152.492958574061,0.4261282490438228,0
462,1671580800,235.22,237.7,227.05,232.63,5008,0,7284340000,32.34403136145302,10.737142857142857,-15.462606294062072,12.884571428571425,17.17942857142857,320.6267893153335,271.2506666666667,221.87454401799985,0.3640626823553133,0
787,1712707200,129.35,131.74,125.41,127.67,9188,0,16507060000,52.4836008968512,5.604285714285715,2.58738449176376,6.725142857142858,8.966857142857144,138.50382864512449,125.37666666666664,112.2495046882088,0.2094035888409514,0
225,1641945600,246.0,248.0,239.57,241.03,3413,0,4641110000,50.94785366343576,8.575000000000003,7.010300124311842,10.290000000000004,13.720000000000006,266.04443988756884,240.457,214.86956011243117,0.2128234144780052,0
716,1703635200,153.01,153.21,147.23,149.34,6489,0,10580910000,61.38605460814089,6.822857142857145,26.21703853955376,8.187428571428573,10.916571428571432,154.6669543318751,131.92233333333334,109.17771233479158,0.344818355222266,0
735,1706140800,121.99,123.38,115.96,118.44,8519,0,13158210000,36.29831245264595,5.580000000000003,-12.847682119205302,6.696000000000003,8.928000000000004,158.86641720197105,135.651,112.43558279802896,0.3422815490040034,0
328,1654819200,238.6,241.15,234.9,236.84,3515,0,4415110000,48.83503687023365,13.375714285714286,0.0845165652467955,16.050857142857144,21.401142857142855,274.9797362032489,235.08066666666667,195.18159713008444,0.3394500288120862,0
912,1728345600,99.83,101.45,98.95,100.27,12176,1,1916664,61.225228848450506,4.684285714285713,15.785219399538107,5.621142857142856,7.494857142857142,102.613045589581,89.72866666666667,76.84428774375233,0.2871853422447156,0
542,1681862400,202.55,205.0,201.51,203.76,3614,0,4800430000,38.32253445835241,6.961428571428574,-9.274678302684896,8.35371428571429,11.13828571428572,239.49635515640855,214.62733333333333,189.75831151025807,0.2317414230223108,0
447,1669766400,271.74,278.32,268.35,277.93,3728,0,5290240000,48.111702696466246,14.024999999999991,-7.439970693042921,16.82999999999999,22.43999999999999,317.0046243002412,282.81000000000006,248.61537569975897,0.2418204752324252,0
760,1709251200,138.38,143.19,137.88,142.87,8343,0,13686730000,69.34416140159117,7.0057142857142845,23.40848233566555,8.406857142857142,11.209142857142856,134.5906463300173,119.87766666666668,105.16468700331608,0.2454665672507909,0
75,1623283200,174.01,174.14,167.34,167.79,2318,0,3660600000,52.64761539378959,5.255714285714289,6.176042523571468,6.3068571428571465,8.409142857142863,176.4081720213797,164.068,151.72782797862033,0.1504275303091362,0
617,1691366400,200.15,200.42,194.73,196.82,5393,0,8140520000,31.5768438978414,7.928571428571435,-16.946577770275972,9.51428571428572,12.685714285714296,249.78102070567684,221.55666666666667,193.3323126276565,0.2547822592174477,0
281,1649030400,224.5,226.36,220.14,226.14,2171,0,2762140000,65.25250544625737,7.405000000000001,24.28689200329761,8.886000000000001,11.848000000000004,229.7828492959086,197.3563333333333,164.9298173707581,0.3286088205520834,0
666,1697414400,166.6,169.84,165.58,167.74,5757,0,8554270000,47.43244819790989,7.757857142857146,2.530562347188273,9.309428571428574,12.412571428571434,196.44937589760468,172.41466666666668,148.37995743572867,0.2788012144860607,0
914,1728518400,101.72,104.67,101.13,102.94,3773,1,627535,63.98034502265788,4.668571428571427,19.60032531660277,5.6022857142857125,7.469714285714284,105.02665282519598,90.65633333333334,76.28601384147069,0.3170284736538939,0
812,1715731200,137.43,137.5,126.65,127.51,9682,0,17009570000,52.15527440427565,5.974285714285714,10.92648977816442,7.169142857142857,9.558857142857144,138.2220811547003,123.38233333333334,108.54258551196637,0.2405489898018944,0
697,1701216000,126.65,128.45,121.63,123.45,7641,0,11657050000,43.2715213533749,6.735714285714285,3.7133495757372095,8.082857142857142,10.777142857142856,145.31498479472518,127.78866666666666,110.26234853860814,0.2743016041285641,0
961,1734393600,98.66,100.31,96.44,97.57,2528,1,460399,41.51791324349801,4.287857142857142,-8.608092918696151,5.14542857142857,6.860571428571427,113.08517633877598,104.68233333333332,96.27949032789068,0.1605398492348466,0
916,1728864000,101.17,101.79,98.0,99.62,5271,1,810695,57.89702367198303,4.417142857142856,10.089512653331871,5.300571428571428,7.067428571428571,106.59444588329804,91.31433333333334,76.03422078336862,0.334670626005367,0
327,1654732800,250.7,252.15,241.48,241.79,4463,0,6005170000,51.27444097073371,13.95714285714286,1.2436144376517877,16.74857142857143,22.33142857142857,276.1561274531293,233.69166666666663,191.227205880204,0.3634229785954082,0
865,1722470400,94.0,99.47,91.88,93.14,11590,0,19011260000,42.93711673788698,3.9478571428571434,-4.8134900357690285,4.737428571428571,6.316571428571429,100.80884181749252,95.01833333333336,89.22782484917417,0.1218819206993564,0
460,1671408000,243.13,243.13,231.38,233.36,4419,0,5810790000,32.565499155217054,11.01285714285714,-13.570370370370366,13.215428571428568,17.620571428571424,321.9745713622915,275.4676666666666,228.96076197104176,0.3376578112298107,0
331,1655251200,225.9,225.98,210.88,215.06,6713,0,8793550000,39.64278975551056,13.705714285714288,-9.417909190464153,16.446857142857144,21.929142857142864,268.5616692697,237.72600000000003,206.8903307303001,0.2594219333997962,0
149,1632441600,227.89,229.67,224.72,226.37,1785,0,2384630000,49.459643217269495,9.36,-6.400661567087034,11.232,14.976,248.131466022913,230.35066666666663,212.5698673104203,0.1543802725952288,0
407,1664841600,285.0,289.05,280.27,283.93,3445,0,5329360000,54.40589922786385,13.777142857142852,-7.529718286923955,16.532571428571423,22.043428571428564,307.02255571953407,280.6763333333334,254.33011094713277,0.1877338361472157,0
602,1689552000,234.0,239.45,234.0,237.62,2757,0,3516750000,59.65537574219228,7.486428571428574,5.496359438820811,8.983714285714289,11.978285714285718,245.60262932761947,226.6833333333333,207.7640373390472,0.1669226909281917,0
619,1691539200,196.5,197.54,194.11,194.21,3340,0,4440640000,29.91851099483216,7.350000000000002,-12.95325175922191,8.820000000000002,11.760000000000003,250.59181206523715,219.475,188.35818793476284,0.2835567792708705,0
600,1689206400,245.07,245.5,240.14,241.62,2626,0,3635780000,65.11037721138851,7.697857142857147,6.897314515772244,9.237428571428577,12.316571428571436,248.0444544398761,223.891,199.73754556012395,0.2157608339761408,0
437,1668470400,301.0,301.33,280.6,295.75,9291,0,14062040000,53.80746929727264,15.449999999999992,4.775569490204421,18.53999999999999,24.719999999999988,320.5026936384431,277.78,235.05730636155687,0.3076009333893232,0
824,1717372800,124.43,124.84,119.79,120.88,5128,0,8161780000,43.109073112894166,4.959285714285714,-8.083035510607555,5.951142857142856,7.934857142857142,137.46276219734995,125.169,112.87523780265008,0.1964346155573653,0
